[{"id":1,"action":{"type":"block"},"condition":{"urlFilter":"/banner-publicidad-","isUrlFilterCaseSensitive":false},"priority":1},{"id":2,"action":{"type":"block"},"condition":{"urlFilter":"/vast_1win.xml","resourceTypes":["xmlhttprequest"],"isUrlFilterCaseSensitive":false},"priority":101},{"id":3,"action":{"type":"block"},"condition":{"urlFilter":"||0-02.net^","isUrlFilterCaseSensitive":false},"priority":1},{"id":4,"action":{"type":"block"},"condition":{"urlFilter":"||adzonestatic.com^","isUrlFilterCaseSensitive":false},"priority":1},{"id":5,"action":{"type":"block"},"condition":{"urlFilter":"||pahtfi.tech^","isUrlFilterCaseSensitive":false},"priority":1},{"id":6,"action":{"type":"block"},"condition":{"urlFilter":"||palibzh.tech^","isUrlFilterCaseSensitive":false},"priority":1},{"id":7,"action":{"type":"block"},"condition":{"urlFilter":"||positive-ads.com^","isUrlFilterCaseSensitive":false},"priority":1},{"id":8,"action":{"type":"block"},"condition":{"urlFilter":"||revenuemakerdata.com^","isUrlFilterCaseSensitive":false},"priority":1},{"id":9,"action":{"type":"block"},"condition":{"urlFilter":"||brand.ad^","domainType":"thirdParty","isUrlFilterCaseSensitive":false},"priority":2},{"id":10,"action":{"type":"block"},"condition":{"urlFilter":"||butlercdn.com^","domainType":"thirdParty","isUrlFilterCaseSensitive":false},"priority":2},{"id":11,"action":{"type":"block"},"condition":{"urlFilter":"||equamarketing.com^","domainType":"thirdParty","isUrlFilterCaseSensitive":false},"priority":2},{"id":12,"action":{"type":"block"},"condition":{"urlFilter":"||googledfp.com^","domainType":"thirdParty","isUrlFilterCaseSensitive":false},"priority":2},{"id":13,"action":{"type":"block"},"condition":{"urlFilter":"||membrana.media^","domainType":"thirdParty","isUrlFilterCaseSensitive":false},"priority":2},{"id":14,"action":{"type":"block"},"condition":{"urlFilter":"||premiumads.com.br^","domainType":"thirdParty","isUrlFilterCaseSensitive":false},"priority":2},{"id":15,"action":{"type":"block"},"condition":{"urlFilter":"||premiumleads.com^","domainType":"thirdParty","isUrlFilterCaseSensitive":false},"priority":2},{"id":16,"action":{"type":"block"},"condition":{"urlFilter":"||reypelis.tv^","domainType":"thirdParty","isUrlFilterCaseSensitive":false},"priority":2},{"id":17,"action":{"type":"block"},"condition":{"urlFilter":"||stoic-media.com^","domainType":"thirdParty","isUrlFilterCaseSensitive":false},"priority":2},{"id":18,"action":{"type":"block"},"condition":{"urlFilter":"||tpid.es^","domainType":"thirdParty","isUrlFilterCaseSensitive":false},"priority":2},{"id":19,"action":{"type":"block"},"condition":{"urlFilter":"||wemass.com^","domainType":"thirdParty","isUrlFilterCaseSensitive":false},"priority":2},{"id":20,"action":{"type":"block"},"condition":{"urlFilter":"||promocionesweb.com^","domainType":"thirdParty","isUrlFilterCaseSensitive":false},"priority":2},{"id":21,"action":{"type":"block"},"condition":{"urlFilter":"||a.citiservi.es^","domainType":"thirdParty","isUrlFilterCaseSensitive":false},"priority":2},{"id":22,"action":{"type":"block"},"condition":{"urlFilter":"||advgo.net/ads/","isUrlFilterCaseSensitive":false},"priority":1},{"id":23,"action":{"type":"block"},"condition":{"urlFilter":"||afiliadoscasadellibro.uinterbox.com^","domainType":"thirdParty","isUrlFilterCaseSensitive":false},"priority":2},{"id":24,"action":{"type":"block"},"condition":{"urlFilter":"||alicdn.com/t/","initiatorDomains":["pandrama.com"],"isUrlFilterCaseSensitive":false},"priority":201},{"id":25,"action":{"type":"block"},"condition":{"urlFilter":"||amazonaws.com^","initiatorDomains":["estrenosdoramas.net","m.animeflv.net"],"isUrlFilterCaseSensitive":false},"priority":151},{"id":26,"action":{"type":"block"},"condition":{"urlFilter":"||avisosdeocasion.com/reforma/gcavisoscom/","initiatorDomains":["reforma.com"],"isUrlFilterCaseSensitive":false},"priority":201},{"id":27,"action":{"type":"block"},"condition":{"urlFilter":"||bit.ly^","initiatorDomains":["mega-mkv.com"],"isUrlFilterCaseSensitive":false},"priority":201},{"id":28,"action":{"type":"block"},"condition":{"urlFilter":"||cdnpublicidad.milenio.com^","isUrlFilterCaseSensitive":false},"priority":1},{"id":29,"action":{"type":"block"},"condition":{"urlFilter":"||d1r08wok4169a5.cloudfront.net^","isUrlFilterCaseSensitive":false},"priority":1},{"id":30,"action":{"type":"block"},"condition":{"urlFilter":"||getadjacent.com/amd/*/ned-adjacent-ads.min.js","isUrlFilterCaseSensitive":false},"priority":1},{"id":31,"action":{"type":"block"},"condition":{"urlFilter":"||grupnaciodigital.cat/redaccio/publicitat/","isUrlFilterCaseSensitive":false},"priority":1},{"id":32,"action":{"type":"block"},"condition":{"urlFilter":"||hispanicode.com/*/amazon/api/amazon.js","isUrlFilterCaseSensitive":false},"priority":1},{"id":33,"action":{"type":"block"},"condition":{"urlFilter":"||ibb.co^","initiatorDomains":["horadeopinion.com.ar"],"isUrlFilterCaseSensitive":false},"priority":201},{"id":34,"action":{"type":"block"},"condition":{"urlFilter":"||iframes.reyesdelchollo.com^","domainType":"thirdParty","isUrlFilterCaseSensitive":false},"priority":2},{"id":35,"action":{"type":"block"},"condition":{"urlFilter":"||kisa-link.blok.link^","domainType":"thirdParty","isUrlFilterCaseSensitive":false},"priority":2},{"id":36,"action":{"type":"block"},"condition":{"urlFilter":"||nacash.net^","initiatorDomains":["ahoraeg.com"],"isUrlFilterCaseSensitive":false},"priority":201},{"id":37,"action":{"type":"block"},"condition":{"urlFilter":"||news.grm.cl^","isUrlFilterCaseSensitive":false},"priority":1},{"id":38,"action":{"type":"block"},"condition":{"urlFilter":"||outbrain.com^","initiatorDomains":["visortmo.com"],"isUrlFilterCaseSensitive":false},"priority":201},{"id":39,"action":{"type":"block"},"condition":{"urlFilter":"||pub.tappx.com^","isUrlFilterCaseSensitive":false},"priority":1},{"id":40,"action":{"type":"block"},"condition":{"urlFilter":"||publyads.jstag.space^","isUrlFilterCaseSensitive":false},"priority":1},{"id":41,"action":{"type":"block"},"condition":{"urlFilter":"||tinyurl.com^","initiatorDomains":["seriesly.top"],"isUrlFilterCaseSensitive":false},"priority":201},{"id":42,"action":{"type":"block"},"condition":{"urlFilter":"||trafico.prensaiberica.es^","isUrlFilterCaseSensitive":false},"priority":1},{"id":43,"action":{"type":"block"},"condition":{"urlFilter":"||triggy-banners.web.app^","isUrlFilterCaseSensitive":false},"priority":1},{"id":44,"action":{"type":"block"},"condition":{"urlFilter":"||vario.tv/play.gif","isUrlFilterCaseSensitive":false},"priority":1},{"id":45,"action":{"type":"block"},"condition":{"urlFilter":"||vario.tv/playf.gif","isUrlFilterCaseSensitive":false},"priority":1},{"id":46,"action":{"type":"block"},"condition":{"urlFilter":"||wp.pl/bidder/usersync?","isUrlFilterCaseSensitive":false},"priority":1},{"id":47,"action":{"type":"block"},"condition":{"urlFilter":"||amazonaws.com^","initiatorDomains":["pornotorrent.es"],"isUrlFilterCaseSensitive":false},"priority":201},{"id":48,"action":{"type":"block"},"condition":{"urlFilter":"||fuegodevida.com^","domainType":"thirdParty","isUrlFilterCaseSensitive":false},"priority":2},{"id":49,"action":{"type":"block"},"condition":{"urlFilter":"||imgur.com^","initiatorDomains":["verpeliculasporno.gratis"],"isUrlFilterCaseSensitive":false},"priority":201},{"id":50,"action":{"type":"block"},"condition":{"urlFilter":"||pornogratis.online/promo/","isUrlFilterCaseSensitive":false},"priority":1},{"id":51,"action":{"type":"block"},"condition":{"urlFilter":"||pornoplay.online/api/spots/","isUrlFilterCaseSensitive":false},"priority":1},{"id":52,"action":{"type":"block"},"condition":{"urlFilter":"||rubias19.tv/freecam/","domainType":"thirdParty","isUrlFilterCaseSensitive":false},"priority":2},{"id":53,"action":{"type":"block"},"condition":{"urlFilter":"||webcampornoxxx.net/promo/","isUrlFilterCaseSensitive":false},"priority":1},{"id":54,"action":{"type":"block"},"condition":{"urlFilter":"||agenciafe.com/data/img_cont/img_banners/","isUrlFilterCaseSensitive":false},"priority":1},{"id":55,"action":{"type":"block"},"condition":{"urlFilter":"||agencianova.com/avisos/","isUrlFilterCaseSensitive":false},"priority":1},{"id":56,"action":{"type":"block"},"condition":{"urlFilter":"||aica.org/imagenes/pubs/","isUrlFilterCaseSensitive":false},"priority":1},{"id":57,"action":{"type":"block"},"condition":{"urlFilter":"||albaceteabierto.es/anuncios/","isUrlFilterCaseSensitive":false},"priority":1},{"id":58,"action":{"type":"block"},"condition":{"urlFilter":"||animelatinohd.com/popAds.js","isUrlFilterCaseSensitive":false},"priority":1},{"id":59,"action":{"type":"block"},"condition":{"urlFilter":"||api.servicesdtk2.cl/v1/count/banners","initiatorDomains":["autosusados.cl"],"isUrlFilterCaseSensitive":false},"priority":201},{"id":60,"action":{"type":"block"},"condition":{"urlFilter":"||arquimaster.com.ar/banners/","isUrlFilterCaseSensitive":false},"priority":1},{"id":61,"action":{"type":"block"},"condition":{"urlFilter":"||arquimaster.com.ar/Images/banners.htm","isUrlFilterCaseSensitive":false},"priority":1},{"id":62,"action":{"type":"block"},"condition":{"urlFilter":"||artesacro.org/imagenes/baner_","isUrlFilterCaseSensitive":false},"priority":1},{"id":63,"action":{"type":"block"},"condition":{"urlFilter":"||atacamaenlinea.cl/wp-content/uploads/*/banner_caserones_","isUrlFilterCaseSensitive":false},"priority":1},{"id":64,"action":{"type":"block"},"condition":{"urlFilter":"||cine24h.net/Banners/","isUrlFilterCaseSensitive":false},"priority":1},{"id":65,"action":{"type":"block"},"condition":{"urlFilter":"||cinetux.nu/api/spots/","isUrlFilterCaseSensitive":false},"priority":1},{"id":66,"action":{"type":"block"},"condition":{"urlFilter":"||clivertv.xyz/assets/img/suscripcion.png","isUrlFilterCaseSensitive":false},"priority":1},{"id":67,"action":{"type":"block"},"condition":{"urlFilter":"||clm21.es/anuncios/","isUrlFilterCaseSensitive":false},"priority":1},{"id":68,"action":{"type":"block"},"condition":{"urlFilter":"||contextotucuman.com/banners/","isUrlFilterCaseSensitive":false},"priority":1},{"id":69,"action":{"type":"block"},"condition":{"urlFilter":"||cosasdecome.es/wp-content/uploads/sam-pro-images/","isUrlFilterCaseSensitive":false},"priority":1},{"id":70,"action":{"type":"block"},"condition":{"urlFilter":"||cronicabalear.es/access/public/img/anuncios/","isUrlFilterCaseSensitive":false},"priority":1},{"id":71,"action":{"type":"block"},"condition":{"urlFilter":"||cronista.com/files/banner/","isUrlFilterCaseSensitive":false},"priority":1},{"id":72,"action":{"type":"block"},"condition":{"urlFilter":"||cuencanews.es/anuncios/","isUrlFilterCaseSensitive":false},"priority":1},{"id":73,"action":{"type":"block"},"condition":{"urlFilter":"||cuevana.biz/edgeSystemRunV2.js","isUrlFilterCaseSensitive":false},"priority":1},{"id":74,"action":{"type":"block"},"condition":{"urlFilter":"||cuevana.cloud/edgeSystemRun.js","isUrlFilterCaseSensitive":false},"priority":1},{"id":75,"action":{"type":"block"},"condition":{"urlFilter":"||cuevana3.plus/perversas.jpg","isUrlFilterCaseSensitive":false},"priority":1},{"id":76,"action":{"type":"block"},"condition":{"urlFilter":"||descargasdd.org/images/amazon.gif","isUrlFilterCaseSensitive":false},"priority":1},{"id":77,"action":{"type":"block"},"condition":{"urlFilter":"||diariodelaribera.net/imagenes/banner","isUrlFilterCaseSensitive":false},"priority":1},{"id":78,"action":{"type":"block"},"condition":{"urlFilter":"||diariodeteruel.es/uploads/diariodeteruel/promos/","isUrlFilterCaseSensitive":false},"priority":1},{"id":79,"action":{"type":"block"},"condition":{"urlFilter":"||diarioviregion.cl/images/banners/","isUrlFilterCaseSensitive":false},"priority":1},{"id":80,"action":{"type":"block"},"condition":{"urlFilter":"||dolarito.ar/static/buenbit/","isUrlFilterCaseSensitive":false},"priority":1},{"id":81,"action":{"type":"block"},"condition":{"urlFilter":"||dolarito.ar/static/vita/","isUrlFilterCaseSensitive":false},"priority":1},{"id":82,"action":{"type":"block"},"condition":{"urlFilter":"||dolarito.ar/static/wallbit/","isUrlFilterCaseSensitive":false},"priority":1},{"id":83,"action":{"type":"block"},"condition":{"urlFilter":"||elciudadanoweb.com/wp-content/plugins/aparg-smartad/","isUrlFilterCaseSensitive":false},"priority":1},{"id":84,"action":{"type":"block"},"condition":{"urlFilter":"||elesquiu.com/u/banners/","isUrlFilterCaseSensitive":false},"priority":1},{"id":85,"action":{"type":"block"},"condition":{"urlFilter":"||elmundofinanciero.com/anuncios/","isUrlFilterCaseSensitive":false},"priority":1},{"id":86,"action":{"type":"block"},"condition":{"urlFilter":"||elpais.com.co/js/frontend/ads/","isUrlFilterCaseSensitive":false},"priority":1},{"id":87,"action":{"type":"block"},"condition":{"urlFilter":"||elperiodico.cl/wp-content/uploads/*/banner-","isUrlFilterCaseSensitive":false},"priority":1},{"id":88,"action":{"type":"block"},"condition":{"urlFilter":"||elpotosi.net/img/advertising/","isUrlFilterCaseSensitive":false},"priority":1},{"id":89,"action":{"type":"block"},"condition":{"urlFilter":"||emol.cl/emol50/js/publicidadsetup/","isUrlFilterCaseSensitive":false},"priority":1},{"id":90,"action":{"type":"block"},"condition":{"urlFilter":"||es.zenit.org/banners/","isUrlFilterCaseSensitive":false},"priority":1},{"id":91,"action":{"type":"block"},"condition":{"urlFilter":"||fenix951.com.ar/nuevo_2013/img/banner/","isUrlFilterCaseSensitive":false},"priority":1},{"id":92,"action":{"type":"block"},"condition":{"urlFilter":"||fronteradigital.com.ve/assets/img/advertising/","isUrlFilterCaseSensitive":false},"priority":1},{"id":93,"action":{"type":"block"},"condition":{"urlFilter":"||fulltv.video^","initiatorDomains":["fulltv.com.ar"],"isUrlFilterCaseSensitive":false},"priority":201},{"id":94,"action":{"type":"block"},"condition":{"urlFilter":"||gamestorrents.fm/433b.png","isUrlFilterCaseSensitive":false},"priority":1},{"id":95,"action":{"type":"block"},"condition":{"urlFilter":"||habimg.com/hab_banners/","initiatorDomains":["habitaclia.com"],"isUrlFilterCaseSensitive":false},"priority":201},{"id":96,"action":{"type":"block"},"condition":{"urlFilter":"||inmanga.com/ads/","isUrlFilterCaseSensitive":false},"priority":1},{"id":97,"action":{"type":"block"},"condition":{"urlFilter":"||juanfutbol.com/caliente-ticker-widget?","isUrlFilterCaseSensitive":false},"priority":1},{"id":98,"action":{"type":"block"},"condition":{"urlFilter":"||lapostaldemardelplata.com/img/avisos/","isUrlFilterCaseSensitive":false},"priority":1},{"id":99,"action":{"type":"block"},"condition":{"urlFilter":"||lasamericasnews.com/images/avisos/","isUrlFilterCaseSensitive":false},"priority":1},{"id":100,"action":{"type":"block"},"condition":{"urlFilter":"||lasamericasnews.com/images/banners/","isUrlFilterCaseSensitive":false},"priority":1},{"id":101,"action":{"type":"block"},"condition":{"urlFilter":"||lasubasta.com/img/ners/","isUrlFilterCaseSensitive":false},"priority":1},{"id":102,"action":{"type":"block"},"condition":{"urlFilter":"||lateja.cr/gnfactory/brandvoice/","isUrlFilterCaseSensitive":false},"priority":1},{"id":103,"action":{"type":"block"},"condition":{"urlFilter":"||mediaserver.emol.cl/other/lleison/","isUrlFilterCaseSensitive":false},"priority":1},{"id":104,"action":{"type":"block"},"condition":{"urlFilter":"||mil21.es/anuncios/","isUrlFilterCaseSensitive":false},"priority":1},{"id":105,"action":{"type":"block"},"condition":{"urlFilter":"||minube.click^","isUrlFilterCaseSensitive":false},"priority":1},{"id":106,"action":{"type":"block"},"condition":{"urlFilter":"||nacion.com/gnfactory/brandvoice/","isUrlFilterCaseSensitive":false},"priority":1},{"id":107,"action":{"type":"block"},"condition":{"urlFilter":"||notebookcheck.org/fileadmin/Sonstiges/amaz_","resourceTypes":["xmlhttprequest"],"isUrlFilterCaseSensitive":false},"priority":101},{"id":108,"action":{"type":"block"},"condition":{"urlFilter":"||novachaco.com/avisos/","isUrlFilterCaseSensitive":false},"priority":1},{"id":109,"action":{"type":"block"},"condition":{"urlFilter":"||novalaplata.com/avisos/","isUrlFilterCaseSensitive":false},"priority":1},{"id":110,"action":{"type":"block"},"condition":{"urlFilter":"||nuevodiarioweb.com.ar/galeria/publicidad/","isUrlFilterCaseSensitive":false},"priority":1},{"id":111,"action":{"type":"block"},"condition":{"urlFilter":"||otakuteca.com/images/books/cover/cru_300.","isUrlFilterCaseSensitive":false},"priority":1},{"id":112,"action":{"type":"block"},"condition":{"urlFilter":"||otakuteca.com/images/books/cover/n_728.","isUrlFilterCaseSensitive":false},"priority":1},{"id":113,"action":{"type":"block"},"condition":{"urlFilter":"||pelispop.info/EkBG80SP.js","isUrlFilterCaseSensitive":false},"priority":1},{"id":114,"action":{"type":"block"},"condition":{"urlFilter":"||pescare.com.ar/wp-content/uploads/*/Grupo-","isUrlFilterCaseSensitive":false},"priority":1},{"id":115,"action":{"type":"block"},"condition":{"urlFilter":"||playdede.us/1_1.gif","isUrlFilterCaseSensitive":false},"priority":1},{"id":116,"action":{"type":"block"},"condition":{"urlFilter":"||playdede.us/1winvideo2.mp4","isUrlFilterCaseSensitive":false},"priority":1},{"id":117,"action":{"type":"block"},"condition":{"urlFilter":"||player.cuevana.biz/assets/vast_","isUrlFilterCaseSensitive":false},"priority":1},{"id":118,"action":{"type":"block"},"condition":{"urlFilter":"||player.cuevana2espanol.net/assets/vast_","isUrlFilterCaseSensitive":false},"priority":1},{"id":119,"action":{"type":"block"},"condition":{"urlFilter":"||player.cuevana3.eu/assets/vast_","isUrlFilterCaseSensitive":false},"priority":1},{"id":120,"action":{"type":"block"},"condition":{"urlFilter":"||player.cuevana8.com/assets/vast_","isUrlFilterCaseSensitive":false},"priority":1},{"id":121,"action":{"type":"block"},"condition":{"urlFilter":"||player.gnula.nu/assets/vast_","isUrlFilterCaseSensitive":false},"priority":1},{"id":122,"action":{"type":"block"},"condition":{"urlFilter":"||player.repelis24.life/assets/vast_","isUrlFilterCaseSensitive":false},"priority":1},{"id":123,"action":{"type":"block"},"condition":{"urlFilter":"||puromarketing.com/adxs/","isUrlFilterCaseSensitive":false},"priority":1},{"id":124,"action":{"type":"block"},"condition":{"urlFilter":"||radiomontecarlo.com.uy/imgs/banners/","isUrlFilterCaseSensitive":false},"priority":1},{"id":125,"action":{"type":"block"},"condition":{"urlFilter":"||redtarapaca.com^*/ahorrocorp.jpg","isUrlFilterCaseSensitive":false},"priority":1},{"id":126,"action":{"type":"block"},"condition":{"urlFilter":"||ripollesdigital.cat/imatges/ripollesdigital.cat/ginys/","isUrlFilterCaseSensitive":false},"priority":1},{"id":127,"action":{"type":"block"},"condition":{"urlFilter":"||spanishcorrector.com/cnc/","isUrlFilterCaseSensitive":false},"priority":1},{"id":128,"action":{"type":"block"},"condition":{"urlFilter":"||ssp.emol.com^","isUrlFilterCaseSensitive":false},"priority":1},{"id":129,"action":{"type":"block"},"condition":{"urlFilter":"||sspnm.emol.com^","isUrlFilterCaseSensitive":false},"priority":1},{"id":130,"action":{"type":"block"},"condition":{"urlFilter":"||static.publinews.gt/*/Skin-","isUrlFilterCaseSensitive":false},"priority":1},{"id":131,"action":{"type":"block"},"condition":{"urlFilter":"||storage.googleapis.com/foto_autosusados/banners/","initiatorDomains":["autosusados.cl"],"isUrlFilterCaseSensitive":false},"priority":201},{"id":132,"action":{"type":"block"},"condition":{"urlFilter":"||streamsito.com/static/vast_","isUrlFilterCaseSensitive":false},"priority":1},{"id":133,"action":{"type":"block"},"condition":{"urlFilter":"||studiofutbol.com.ec/tabla2021/images/banner-copa-300x90.jpg","isUrlFilterCaseSensitive":false},"priority":1},{"id":134,"action":{"type":"block"},"condition":{"urlFilter":"||tcccdn.com^*/banner/","isUrlFilterCaseSensitive":false},"priority":1},{"id":135,"action":{"type":"block"},"condition":{"urlFilter":"||upcloud.alfabeta.net/zonas.js","isUrlFilterCaseSensitive":false},"priority":1},{"id":136,"action":{"type":"block"},"condition":{"urlFilter":"||verepeliculas.com/dowload/MusicaBANNER.gif","isUrlFilterCaseSensitive":false},"priority":1},{"id":137,"action":{"type":"block"},"condition":{"urlFilter":"||ondavalencia.es/images/001_BLOGINFORAM.png","isUrlFilterCaseSensitive":false},"priority":1},{"id":138,"action":{"type":"block"},"condition":{"urlFilter":"||ondavalencia.es/images/002_MORA-_2.png","isUrlFilterCaseSensitive":false},"priority":1},{"id":139,"action":{"type":"block"},"condition":{"urlFilter":"||ondavalencia.es/images/003_FERRETERIA_ELS_CUNYATS.png","isUrlFilterCaseSensitive":false},"priority":1},{"id":140,"action":{"type":"block"},"condition":{"urlFilter":"||ondavalencia.es/images/004_BLOG_AISVAL.png","isUrlFilterCaseSensitive":false},"priority":1},{"id":141,"action":{"type":"block"},"condition":{"urlFilter":"||ondavalencia.es/images/005_AGUADULCE.png","isUrlFilterCaseSensitive":false},"priority":1},{"id":142,"action":{"type":"block"},"condition":{"urlFilter":"||ondavalencia.es/images/006_TALLERES_EL_MA%C3%91O.png","isUrlFilterCaseSensitive":false},"priority":1},{"id":143,"action":{"type":"block"},"condition":{"urlFilter":"||ondavalencia.es/images/007_TAPICERIA_QUERT.png","isUrlFilterCaseSensitive":false},"priority":1},{"id":144,"action":{"type":"block"},"condition":{"urlFilter":"||ondavalencia.es/images/009_PINAZO_Y_BURLAY_G_DE_CASTRO.png","isUrlFilterCaseSensitive":false},"priority":1},{"id":145,"action":{"type":"block"},"condition":{"urlFilter":"||ondavalencia.es/images/011_MAVIMAR_NUEVO_FALDON.png","isUrlFilterCaseSensitive":false},"priority":1},{"id":146,"action":{"type":"block"},"condition":{"urlFilter":"||ondavalencia.es/images/012_EL_TABALET_IND_VALENCIANA.png","isUrlFilterCaseSensitive":false},"priority":1},{"id":147,"action":{"type":"block"},"condition":{"urlFilter":"||ondavalencia.es/images/012_EL_TABALET_IND_VALENCIANA_2.png","isUrlFilterCaseSensitive":false},"priority":1},{"id":148,"action":{"type":"block"},"condition":{"urlFilter":"||ondavalencia.es/images/014_FIL_DOR_NUEVO.png","isUrlFilterCaseSensitive":false},"priority":1},{"id":149,"action":{"type":"block"},"condition":{"urlFilter":"||ondavalencia.es/images/021_PELUQUERIA_SAEZ.png","isUrlFilterCaseSensitive":false},"priority":1},{"id":150,"action":{"type":"block"},"condition":{"urlFilter":"||ondavalencia.es/images/022_PULIDOS_GUILLERMO_MARTINEZ.png","isUrlFilterCaseSensitive":false},"priority":1},{"id":151,"action":{"type":"block"},"condition":{"urlFilter":"||ondavalencia.es/images/025_BLOG_ASADOR_CHIRIVELLA.png","isUrlFilterCaseSensitive":false},"priority":1},{"id":152,"action":{"type":"block"},"condition":{"urlFilter":"||ondavalencia.es/images/027_ARTESANIA_VIANA.png","isUrlFilterCaseSensitive":false},"priority":1},{"id":153,"action":{"type":"block"},"condition":{"urlFilter":"||ondavalencia.es/images/029_TIEN_21_BROSETA.png","isUrlFilterCaseSensitive":false},"priority":1},{"id":154,"action":{"type":"block"},"condition":{"urlFilter":"||ondavalencia.es/images/031_PONTE_GUAPA_CENTRO_DE_ESTETICA.png","isUrlFilterCaseSensitive":false},"priority":1},{"id":155,"action":{"type":"block"},"condition":{"urlFilter":"||ondavalencia.es/images/032_VALENHAUS.png","isUrlFilterCaseSensitive":false},"priority":1},{"id":156,"action":{"type":"block"},"condition":{"urlFilter":"||ondavalencia.es/images/033_CALZADOS_TRINIDAD_MELENDEZ.png","isUrlFilterCaseSensitive":false},"priority":1},{"id":157,"action":{"type":"block"},"condition":{"urlFilter":"||ondavalencia.es/images/036_LORENA_ESTILISTA.png","isUrlFilterCaseSensitive":false},"priority":1},{"id":158,"action":{"type":"block"},"condition":{"urlFilter":"||ondavalencia.es/images/038_CONGELADOS_ANDRES_Y_M_CARMEN.png","isUrlFilterCaseSensitive":false},"priority":1},{"id":159,"action":{"type":"block"},"condition":{"urlFilter":"||ondavalencia.es/images/046_ENCARNA_PIQUER.png","isUrlFilterCaseSensitive":false},"priority":1},{"id":160,"action":{"type":"block"},"condition":{"urlFilter":"||ondavalencia.es/images/10_SILVIA_MAS_DONETTA.png","isUrlFilterCaseSensitive":false},"priority":1},{"id":161,"action":{"type":"block"},"condition":{"urlFilter":"||ondavalencia.es/images/1676_BIS_PILAR_VALVERDE_INDUMENTARIA_VALENCIANA.png","isUrlFilterCaseSensitive":false},"priority":1},{"id":162,"action":{"type":"block"},"condition":{"urlFilter":"||ondavalencia.es/images/1808_MUDANZAS_BENICALAP.png","isUrlFilterCaseSensitive":false},"priority":1},{"id":163,"action":{"type":"block"},"condition":{"urlFilter":"||ondavalencia.es/images/32_VALENHAUS_guia.jpg","isUrlFilterCaseSensitive":false},"priority":1},{"id":166,"action":{"type":"block"},"condition":{"urlFilter":"/public/Image/*banner*^","initiatorDomains":["alicanteplaza.es","castellonplaza.com","valenciaplaza.com"],"resourceTypes":["image"],"isUrlFilterCaseSensitive":false},"priority":235},{"id":167,"action":{"type":"block"},"condition":{"urlFilter":"/static/BB3HTML/images/*sponsor*.png","initiatorDomains":["diariodecadiz.es","diariodejerez.es","diariodesevilla.es","elalmeria.es","eldiadecordoba.es","europasur.es","granadahoy.com","huelvainformacion.es","malagahoy.es"],"isUrlFilterCaseSensitive":false},"priority":113},{"id":168,"action":{"type":"block"},"condition":{"urlFilter":"/uploads/advertisings/*","initiatorDomains":["tribunaavila.com","tribunaburgos.com","tribunaleon.com","tribunapalencia.com","tribunasalamanca.com","tribunasegovia.com","tribunasoria.com","tribunavalladolid.com","tribunazamora.com"],"isUrlFilterCaseSensitive":false},"priority":113},{"id":169,"action":{"type":"block"},"condition":{"urlFilter":"||acortalo.net/js/clasicotas.js","isUrlFilterCaseSensitive":false},"priority":1},{"id":170,"action":{"type":"block"},"condition":{"urlFilter":"||agar.live/300banner.gif","isUrlFilterCaseSensitive":false},"priority":1},{"id":171,"action":{"type":"block"},"condition":{"urlFilter":"||agma.io/img/agmaAd/","isUrlFilterCaseSensitive":false},"priority":1},{"id":172,"action":{"type":"block"},"condition":{"urlFilter":"||apfdigital.com.ar/imgpublicidad/","isUrlFilterCaseSensitive":false},"priority":1},{"id":173,"action":{"type":"block"},"condition":{"urlFilter":"||azarplus.com/fotos/banners","isUrlFilterCaseSensitive":false},"priority":1},{"id":174,"action":{"type":"block"},"condition":{"urlFilter":"||azarplus.com/includes/greybox/AJS.js","isUrlFilterCaseSensitive":false},"priority":1},{"id":175,"action":{"type":"block"},"condition":{"urlFilter":"||babalonia.com/images/promo/*.gif","isUrlFilterCaseSensitive":false},"priority":1},{"id":176,"action":{"type":"block"},"condition":{"urlFilter":"||bajafiles.net/ima.gif","isUrlFilterCaseSensitive":false},"priority":1},{"id":177,"action":{"type":"block"},"condition":{"urlFilter":"||bajafiles.net/leer.jpg","isUrlFilterCaseSensitive":false},"priority":1},{"id":178,"action":{"type":"block"},"condition":{"urlFilter":"||bannersweb.s3.amazonaws.com^","isUrlFilterCaseSensitive":false},"priority":1},{"id":179,"action":{"type":"block"},"condition":{"urlFilter":"||bienesrosario.com/resources/banner/","isUrlFilterCaseSensitive":false},"priority":1},{"id":180,"action":{"type":"block"},"condition":{"urlFilter":"||blogger.googleusercontent.com/img/a/","initiatorDomains":["reconquistanoticias.blogspot.com"],"isUrlFilterCaseSensitive":false},"priority":201},{"id":181,"action":{"type":"block"},"condition":{"urlFilter":"||blogspot.com/*.gif","initiatorDomains":["puertocampoynegocios.com"],"isUrlFilterCaseSensitive":false},"priority":201},{"id":182,"action":{"type":"block"},"condition":{"urlFilter":"||cadizbuenasnoticias.com/wp-content/banners/","isUrlFilterCaseSensitive":false},"priority":1},{"id":183,"action":{"type":"block"},"condition":{"urlFilter":"||caletadesarrollos.com/marketing/banner-pc/banner-pc.html^","initiatorDomains":["elchubut.com.ar"],"isUrlFilterCaseSensitive":false},"priority":201},{"id":184,"action":{"type":"block"},"condition":{"urlFilter":"||capodeportes.net/extremotv/abajo.php","isUrlFilterCaseSensitive":false},"priority":1},{"id":185,"action":{"type":"block"},"condition":{"urlFilter":"||capodeportes.net/extremotv/arriba.php","isUrlFilterCaseSensitive":false},"priority":1},{"id":186,"action":{"type":"block"},"condition":{"urlFilter":"||capodeportes.net/extremotv/lateral.php","isUrlFilterCaseSensitive":false},"priority":1},{"id":187,"action":{"type":"block"},"condition":{"urlFilter":"||capoplay.com/z-","isUrlFilterCaseSensitive":false},"priority":1},{"id":188,"action":{"type":"block"},"condition":{"urlFilter":"||cartademexico.com/web/banner/","isUrlFilterCaseSensitive":false},"priority":1},{"id":189,"action":{"type":"block"},"condition":{"urlFilter":"||casinonewsdaily.es/wp-content/uploads/popups/","isUrlFilterCaseSensitive":false},"priority":1},{"id":190,"action":{"type":"block"},"condition":{"urlFilter":"||cdn.exur.com/notmundo/","isUrlFilterCaseSensitive":false},"priority":1},{"id":191,"action":{"type":"block"},"condition":{"urlFilter":"||cdn23.merca20.com/wp-content/uploads/2017/10/panorama-marketing-farmaceutico.jpg","isUrlFilterCaseSensitive":false},"priority":1},{"id":192,"action":{"type":"block"},"condition":{"urlFilter":"||chacohoy.com/files/banners/","isUrlFilterCaseSensitive":false},"priority":1},{"id":193,"action":{"type":"block"},"condition":{"urlFilter":"||chatzona.net/img/amigos-banner.jpg","isUrlFilterCaseSensitive":false},"priority":1},{"id":194,"action":{"type":"block"},"condition":{"urlFilter":"||cloudfront.net/ODD/widgets/220x308.html","isUrlFilterCaseSensitive":false},"priority":1},{"id":195,"action":{"type":"block"},"condition":{"urlFilter":"||clubdelectores.cl/cajaEmolClub/","domainType":"thirdParty","isUrlFilterCaseSensitive":false},"priority":2},{"id":196,"action":{"type":"block"},"condition":{"urlFilter":"||comodorodeportes.gov.ar/wp-content/uploads/*/*/*.gif","isUrlFilterCaseSensitive":false},"priority":1},{"id":197,"action":{"type":"block"},"condition":{"urlFilter":"||conjugacion.es/img/mosalingua/","isUrlFilterCaseSensitive":false},"priority":1},{"id":198,"action":{"type":"block"},"condition":{"urlFilter":"||contextotucuman.com//banners/","isUrlFilterCaseSensitive":false},"priority":1},{"id":199,"action":{"type":"block"},"condition":{"urlFilter":"||cronista.com/arte/pcwlogo.png","isUrlFilterCaseSensitive":false},"priority":1},{"id":200,"action":{"type":"block"},"condition":{"urlFilter":"||css01.lavanguardia.com/imagenes/cajaHTML/loterias.gif","isUrlFilterCaseSensitive":false},"priority":1},{"id":201,"action":{"type":"block"},"condition":{"urlFilter":"||cualesmiip.com/images/banner","isUrlFilterCaseSensitive":false},"priority":1},{"id":202,"action":{"type":"block"},"condition":{"urlFilter":"||cuartopoder.es//images/MovistarFusion.jpg","isUrlFilterCaseSensitive":false},"priority":1},{"id":203,"action":{"type":"block"},"condition":{"urlFilter":"||danimados.com/wp-content/cache/autoptimize/js/autoptimize_single_","resourceTypes":["script"],"isUrlFilterCaseSensitive":false},"priority":101},{"id":204,"action":{"type":"block"},"condition":{"urlFilter":"||darkstone.es/themes/default/images/banners/","isUrlFilterCaseSensitive":false},"priority":1},{"id":205,"action":{"type":"block"},"condition":{"urlFilter":"||defensacentral.com/uploaded/banner-dondiario","resourceTypes":["image"],"isUrlFilterCaseSensitive":false},"priority":101},{"id":206,"action":{"type":"block"},"condition":{"urlFilter":"||deia.eus/elementosWeb/gestionCajas/DEI/Image/*//LARIBERA-banner-deia-*.gif^","isUrlFilterCaseSensitive":false},"priority":1},{"id":207,"action":{"type":"block"},"condition":{"urlFilter":"||deportetandilense.com.ar/publicidades_cate/","isUrlFilterCaseSensitive":false},"priority":1},{"id":208,"action":{"type":"block"},"condition":{"urlFilter":"||desdesoria.es/wp-content/uploads/*/*/*.gif","isUrlFilterCaseSensitive":false},"priority":1},{"id":209,"action":{"type":"block"},"condition":{"urlFilter":"||diagonales.com/Multimedios/Ads/","isUrlFilterCaseSensitive":false},"priority":1},{"id":210,"action":{"type":"block"},"condition":{"urlFilter":"||diariocorreo.pe/static/diariocorreo_redesign/img/manual-del-exportador.jpg","isUrlFilterCaseSensitive":false},"priority":1},{"id":211,"action":{"type":"block"},"condition":{"urlFilter":"||diariodesevilla.es/2016/11/09/botones_fijos/movistar-deportes_1079902371_60088437_246x27.png","isUrlFilterCaseSensitive":false},"priority":1},{"id":212,"action":{"type":"block"},"condition":{"urlFilter":"||diariodetorremolinos.com/_uploads/imgBanners/","isUrlFilterCaseSensitive":false},"priority":1},{"id":213,"action":{"type":"block"},"condition":{"urlFilter":"||diarioeldia.cl/banner/","isUrlFilterCaseSensitive":false},"priority":1},{"id":214,"action":{"type":"block"},"condition":{"urlFilter":"||diarioeldia.cl/interstitial*.js","isUrlFilterCaseSensitive":false},"priority":1},{"id":215,"action":{"type":"block"},"condition":{"urlFilter":"||diarioelinformante.com.ar/publis","isUrlFilterCaseSensitive":false},"priority":1},{"id":216,"action":{"type":"block"},"condition":{"urlFilter":"||diariolaprovinciasj.com/u/banners/","isUrlFilterCaseSensitive":false},"priority":1},{"id":217,"action":{"type":"block"},"condition":{"urlFilter":"||diarionoticias.com.ar/images/banner/BANNER","isUrlFilterCaseSensitive":false},"priority":1},{"id":218,"action":{"type":"block"},"condition":{"urlFilter":"||diarionoticias.com.ar/images/banner_","isUrlFilterCaseSensitive":false},"priority":1},{"id":219,"action":{"type":"block"},"condition":{"urlFilter":"||diarioresponsable.com/images/banners","isUrlFilterCaseSensitive":false},"priority":1},{"id":220,"action":{"type":"block"},"condition":{"urlFilter":"||diarioresponsable.com/images/castellananorte19032020.jpg","isUrlFilterCaseSensitive":false},"priority":1},{"id":221,"action":{"type":"block"},"condition":{"urlFilter":"||diarioresponsable.com/images/triodos_2019-06.jpg","isUrlFilterCaseSensitive":false},"priority":1},{"id":222,"action":{"type":"block"},"condition":{"urlFilter":"||diariotextual.com/inicio/wp-content/uploads/*/*/*.gif","isUrlFilterCaseSensitive":false},"priority":1},{"id":223,"action":{"type":"block"},"condition":{"urlFilter":"||diariotextual.com/inicio/wp-content/uploads/*/*/banner","isUrlFilterCaseSensitive":false},"priority":1},{"id":224,"action":{"type":"block"},"condition":{"urlFilter":"||diariovictoria.com.ar/wp-content/uploads/*.gif","isUrlFilterCaseSensitive":false},"priority":1},{"id":225,"action":{"type":"block"},"condition":{"urlFilter":"||do67etikr7pwz.cloudfront.net^","isUrlFilterCaseSensitive":false},"priority":1},{"id":226,"action":{"type":"block"},"condition":{"urlFilter":"||domisfera.com/img/patrocinadores/","isUrlFilterCaseSensitive":false},"priority":1},{"id":227,"action":{"type":"block"},"condition":{"urlFilter":"||dontorrents.org/images/NetflixPrime.jpg","isUrlFilterCaseSensitive":false},"priority":1},{"id":228,"action":{"type":"block"},"condition":{"urlFilter":"||dontorrents.org/images/startgaming*.jpg","isUrlFilterCaseSensitive":false},"priority":1},{"id":229,"action":{"type":"block"},"condition":{"urlFilter":"||ecestaticos.com/file/127008ee463cd1776595c5cf2b0ff780/1434970380.png","isUrlFilterCaseSensitive":false},"priority":1},{"id":230,"action":{"type":"block"},"condition":{"urlFilter":"||ecestaticos.com/file/c321612b3020bee67701c43d5d3129f7/1434970318.png","isUrlFilterCaseSensitive":false},"priority":1},{"id":231,"action":{"type":"block"},"condition":{"urlFilter":"||economia3.com/wp-content/uploads/*/*/*.gif","isUrlFilterCaseSensitive":false},"priority":1},{"id":232,"action":{"type":"block"},"condition":{"urlFilter":"||eestatic.com/assets_css/img/axa-portada-deportes.png","isUrlFilterCaseSensitive":false},"priority":1},{"id":233,"action":{"type":"block"},"condition":{"urlFilter":"||elancasti.com.ar/u/banners/","isUrlFilterCaseSensitive":false},"priority":1},{"id":234,"action":{"type":"block"},"condition":{"urlFilter":"||elchapuzasinformatico.com/wp-content/uploads/*/skin-","isUrlFilterCaseSensitive":false},"priority":1},{"id":235,"action":{"type":"block"},"condition":{"urlFilter":"||elchapuzasinformatico.com/wp-content/uploads/*banner-","isUrlFilterCaseSensitive":false},"priority":1},{"id":236,"action":{"type":"block"},"condition":{"urlFilter":"||elcordillerano.com.ar/uploads/archivos/","resourceTypes":["image"],"isUrlFilterCaseSensitive":false},"priority":101},{"id":237,"action":{"type":"block"},"condition":{"urlFilter":"||elcucodigital.com/*.gif","isUrlFilterCaseSensitive":false},"priority":1},{"id":238,"action":{"type":"block"},"condition":{"urlFilter":"||eldestapeweb.com/adjuntos/177/banners/","isUrlFilterCaseSensitive":false},"priority":1},{"id":239,"action":{"type":"block"},"condition":{"urlFilter":"||eldiariodelapampa.com.ar/images/banners/","isUrlFilterCaseSensitive":false},"priority":1},{"id":240,"action":{"type":"block"},"condition":{"urlFilter":"||eldiariodemadryn.com/wp-content/themes/ElDiario_2017_bootstrap/images/Ecoplas-Banner-300x250px-1.gif","isUrlFilterCaseSensitive":false},"priority":1},{"id":241,"action":{"type":"block"},"condition":{"urlFilter":"||eldiarionuevodia.com.ar/u/banners/","isUrlFilterCaseSensitive":false},"priority":1},{"id":242,"action":{"type":"block"},"condition":{"urlFilter":"||eldivisadero.cl/media/banner/","isUrlFilterCaseSensitive":false},"priority":1},{"id":243,"action":{"type":"block"},"condition":{"urlFilter":"||elmundo.es^*/patrocinador/","isUrlFilterCaseSensitive":false},"priority":1},{"id":244,"action":{"type":"block"},"condition":{"urlFilter":"||elpatagonico.com/adjuntos/193/banners/","isUrlFilterCaseSensitive":false},"priority":1},{"id":245,"action":{"type":"block"},"condition":{"urlFilter":"||elpuntodeequilibrio.com/assets/banners/","isUrlFilterCaseSensitive":false},"priority":1},{"id":246,"action":{"type":"block"},"condition":{"urlFilter":"||elsiglodetorreon.com.mx/desplegados/banners/","resourceTypes":["sub_frame"],"isUrlFilterCaseSensitive":false},"priority":101},{"id":247,"action":{"type":"block"},"condition":{"urlFilter":"||elsiglodetorreon.com.mx/images/banners/","resourceTypes":["image"],"isUrlFilterCaseSensitive":false},"priority":101},{"id":248,"action":{"type":"block"},"condition":{"urlFilter":"||elsoldemexico.com.mx/cultura/gastronomia/*_banner-400x250_01.jpg^","resourceTypes":["image"],"isUrlFilterCaseSensitive":false},"priority":101},{"id":249,"action":{"type":"block"},"condition":{"urlFilter":"||escolar.net/wp-content/hoyenvertele*.jpg","isUrlFilterCaseSensitive":false},"priority":1},{"id":250,"action":{"type":"block"},"condition":{"urlFilter":"||esmtb.com/embed/","resourceTypes":["image"],"isUrlFilterCaseSensitive":false},"priority":101},{"id":251,"action":{"type":"block"},"condition":{"urlFilter":"||especiales.woman.es/wid-deportivos/index.html","isUrlFilterCaseSensitive":false},"priority":1},{"id":252,"action":{"type":"block"},"condition":{"urlFilter":"||eventrid.cl/banner_espectaculos_cuadro","isUrlFilterCaseSensitive":false},"priority":1},{"id":253,"action":{"type":"block"},"condition":{"urlFilter":"||farox.com/barra_productos/","isUrlFilterCaseSensitive":false},"priority":1},{"id":254,"action":{"type":"block"},"condition":{"urlFilter":"||file01.lavanguardia.com/2013/04/09/54371066983-file.jpg","isUrlFilterCaseSensitive":false},"priority":1},{"id":255,"action":{"type":"block"},"condition":{"urlFilter":"||file02.lavanguardia.com/*/*-patrocinadorAgregadores.jpg","isUrlFilterCaseSensitive":false},"priority":1},{"id":256,"action":{"type":"block"},"condition":{"urlFilter":"||file02.lavanguardia.com/2015/01/19/54423532669-file.png","isUrlFilterCaseSensitive":false},"priority":1},{"id":257,"action":{"type":"block"},"condition":{"urlFilter":"||file02.lavanguardia.com/2015/03/02/54428665978-file.jpg","isUrlFilterCaseSensitive":false},"priority":1},{"id":258,"action":{"type":"block"},"condition":{"urlFilter":"||file02.lavanguardia.com/2015/06/30/54432622531-file.jpg","isUrlFilterCaseSensitive":false},"priority":1},{"id":259,"action":{"type":"block"},"condition":{"urlFilter":"||fm899.com.ar/public/images/banners/","isUrlFilterCaseSensitive":false},"priority":1},{"id":260,"action":{"type":"block"},"condition":{"urlFilter":"||forocoches.com/image/varios/hawkers_2017a.png","isUrlFilterCaseSensitive":false},"priority":1},{"id":261,"action":{"type":"block"},"condition":{"urlFilter":"||forokeys.com/foro/banners/","isUrlFilterCaseSensitive":false},"priority":1},{"id":262,"action":{"type":"block"},"condition":{"urlFilter":"||foroparalelo.com/images/avisos/","isUrlFilterCaseSensitive":false},"priority":1},{"id":263,"action":{"type":"block"},"condition":{"urlFilter":"||gacetamercantil.com.ar/banners/","isUrlFilterCaseSensitive":false},"priority":1},{"id":264,"action":{"type":"block"},"condition":{"urlFilter":"||gameflare.com/common/promotions/own-images/","resourceTypes":["sub_frame"],"isUrlFilterCaseSensitive":false},"priority":101},{"id":265,"action":{"type":"block"},"condition":{"urlFilter":"||gamestorrents.*/realtime/","isUrlFilterCaseSensitive":false},"priority":1},{"id":266,"action":{"type":"block"},"condition":{"urlFilter":"||geeknetic.es/ajax/serveadvert-live.asp?","isUrlFilterCaseSensitive":false},"priority":1},{"id":267,"action":{"type":"block"},"condition":{"urlFilter":"||gnula.cc/kljhumsw.js","isUrlFilterCaseSensitive":false},"priority":1},{"id":268,"action":{"type":"block"},"condition":{"urlFilter":"||gnula2.co/js/extra.js","isUrlFilterCaseSensitive":false},"priority":1},{"id":269,"action":{"type":"block"},"condition":{"urlFilter":"||googleapis.com/lanacion-media-storage/*bannernacionnews.png","isUrlFilterCaseSensitive":false},"priority":1},{"id":270,"action":{"type":"block"},"condition":{"urlFilter":"||googleusercontent.com/proxy^","initiatorDomains":["paralelohoy.com.ar"],"resourceTypes":["image"],"isUrlFilterCaseSensitive":false},"priority":301},{"id":271,"action":{"type":"block"},"condition":{"urlFilter":"||gualeguaychu.gov.ar/apps/web/images/temporales/municipalidad-06.png","isUrlFilterCaseSensitive":false},"priority":1},{"id":272,"action":{"type":"block"},"condition":{"urlFilter":"||hazteveg.com/img/banner","isUrlFilterCaseSensitive":false},"priority":1},{"id":273,"action":{"type":"block"},"condition":{"urlFilter":"||hitfm.es/view/imgs/Trident-Hit-FM-Fondo-*.jpg","isUrlFilterCaseSensitive":false},"priority":1},{"id":274,"action":{"type":"block"},"condition":{"urlFilter":"||horadeopinion.com.ar/imagenes/*.gif","isUrlFilterCaseSensitive":false},"priority":1},{"id":275,"action":{"type":"block"},"condition":{"urlFilter":"||horadeopinion.com.ar/wp-content/uploads/*/*/*.gif","isUrlFilterCaseSensitive":false},"priority":1},{"id":276,"action":{"type":"block"},"condition":{"urlFilter":"||hostinet.com/comprar/affiliate/resource/","isUrlFilterCaseSensitive":false},"priority":1},{"id":277,"action":{"type":"block"},"condition":{"urlFilter":"||hostinet.com/hstatics/templates/images/banner/","isUrlFilterCaseSensitive":false},"priority":1},{"id":278,"action":{"type":"block"},"condition":{"urlFilter":"||hoyaragon.es/wp-content/uploads/*300x","isUrlFilterCaseSensitive":false},"priority":1},{"id":279,"action":{"type":"block"},"condition":{"urlFilter":"||hoyaragon.es/wp-content/uploads/*_bmw_phev_nunca_tan_libre_descuento_goya_automocion_display_1000x250-*2.jpg","isUrlFilterCaseSensitive":false},"priority":1},{"id":280,"action":{"type":"block"},"condition":{"urlFilter":"||hoyaragon.es/wp-content/uploads/*arvesa","isUrlFilterCaseSensitive":false},"priority":1},{"id":281,"action":{"type":"block"},"condition":{"urlFilter":"||huelva24.com/upload/img/periodico/*.gif","isUrlFilterCaseSensitive":false},"priority":1},{"id":282,"action":{"type":"block"},"condition":{"urlFilter":"||i.imgur.com/Yqo2mgc.jpg","isUrlFilterCaseSensitive":false},"priority":1},{"id":283,"action":{"type":"block"},"condition":{"urlFilter":"||imagenes.aquienlasierra.es/2019/","isUrlFilterCaseSensitive":false},"priority":1},{"id":284,"action":{"type":"block"},"condition":{"urlFilter":"||imagenes.aquienlasierra.es/2020/","isUrlFilterCaseSensitive":false},"priority":1},{"id":285,"action":{"type":"block"},"condition":{"urlFilter":"||imagenes.aquienlasierra.es/2021/","isUrlFilterCaseSensitive":false},"priority":1},{"id":286,"action":{"type":"block"},"condition":{"urlFilter":"||images.eldiario.es/fotos/Articulo-patrocinado","isUrlFilterCaseSensitive":false},"priority":1},{"id":287,"action":{"type":"block"},"condition":{"urlFilter":"||images.seriesturcas.gratis/*/banner_","resourceTypes":["image"],"isUrlFilterCaseSensitive":false},"priority":101},{"id":288,"action":{"type":"block"},"condition":{"urlFilter":"||images.sprinklecontent.com^","initiatorDomains":["mdzol.com"],"isUrlFilterCaseSensitive":false},"priority":201},{"id":289,"action":{"type":"block"},"condition":{"urlFilter":"||img01.lavanguardia.com/2013/05/16/Logo-canal-Castellers-*.jpg","isUrlFilterCaseSensitive":false},"priority":1},{"id":290,"action":{"type":"block"},"condition":{"urlFilter":"||img02.lavanguardia.com/*/Vaughan-certified_*.jpg","isUrlFilterCaseSensitive":false},"priority":1},{"id":291,"action":{"type":"block"},"condition":{"urlFilter":"||imgur.com/JlGKZ0q.jpg","isUrlFilterCaseSensitive":false},"priority":1},{"id":292,"action":{"type":"block"},"condition":{"urlFilter":"||impulsobaires.com.ar/uploads/banners/","isUrlFilterCaseSensitive":false},"priority":1},{"id":293,"action":{"type":"block"},"condition":{"urlFilter":"||impulsonegocios.com/wp-content/uploads/*/*/*.gif","isUrlFilterCaseSensitive":false},"priority":1},{"id":294,"action":{"type":"block"},"condition":{"urlFilter":"||impulsonegocios.com/wp-content/uploads/2018/10/libertad23102018.jpg","isUrlFilterCaseSensitive":false},"priority":1},{"id":295,"action":{"type":"block"},"condition":{"urlFilter":"||incremente.com/bannerab.gif","isUrlFilterCaseSensitive":false},"priority":1},{"id":296,"action":{"type":"block"},"condition":{"urlFilter":"||infoban.com.ar/imgpublicidad/","isUrlFilterCaseSensitive":false},"priority":1},{"id":297,"action":{"type":"block"},"condition":{"urlFilter":"||infocanuelas.com/media/banner/","isUrlFilterCaseSensitive":false},"priority":1},{"id":298,"action":{"type":"block"},"condition":{"urlFilter":"||infocielo.com/uploads/banners/","isUrlFilterCaseSensitive":false},"priority":1},{"id":299,"action":{"type":"block"},"condition":{"urlFilter":"||infofueguina.com/u/banners/","isUrlFilterCaseSensitive":false},"priority":1},{"id":300,"action":{"type":"block"},"condition":{"urlFilter":"||infoplatense.com.ar/*/*.gif","isUrlFilterCaseSensitive":false},"priority":1},{"id":301,"action":{"type":"block"},"condition":{"urlFilter":"||infoplatense.com.ar/*/banner","isUrlFilterCaseSensitive":false},"priority":1},{"id":302,"action":{"type":"block"},"condition":{"urlFilter":"||informaticamoderna.com/Gran_banner.htm","isUrlFilterCaseSensitive":false},"priority":1},{"id":303,"action":{"type":"block"},"condition":{"urlFilter":"||informaticamoderna.com/Hospedados/Banners/","isUrlFilterCaseSensitive":false},"priority":1},{"id":304,"action":{"type":"block"},"condition":{"urlFilter":"||infoveloz.com/storage/*/ad_","resourceTypes":["image"],"isUrlFilterCaseSensitive":false},"priority":101},{"id":305,"action":{"type":"block"},"condition":{"urlFilter":"||inmendoza.com/wp-content/uploads/*_1140x170_","isUrlFilterCaseSensitive":false},"priority":1},{"id":306,"action":{"type":"block"},"condition":{"urlFilter":"||inmendoza.com/wp-content/uploads/banner/","isUrlFilterCaseSensitive":false},"priority":1},{"id":307,"action":{"type":"block"},"condition":{"urlFilter":"||inmendoza.com^*/banners/","isUrlFilterCaseSensitive":false},"priority":1},{"id":308,"action":{"type":"block"},"condition":{"urlFilter":"||inmodiario.com/img/banners/","isUrlFilterCaseSensitive":false},"priority":1},{"id":309,"action":{"type":"block"},"condition":{"urlFilter":"||interbenavente.es/upload/img/periodico/img_2369.gif","isUrlFilterCaseSensitive":false},"priority":1},{"id":310,"action":{"type":"block"},"condition":{"urlFilter":"||interbenavente.es/upload/img/periodico/img_28084.gif","isUrlFilterCaseSensitive":false},"priority":1},{"id":311,"action":{"type":"block"},"condition":{"urlFilter":"||interbenavente.es/upload/img/periodico/img_31937.gif","isUrlFilterCaseSensitive":false},"priority":1},{"id":312,"action":{"type":"block"},"condition":{"urlFilter":"||interbenavente.es/upload/img/periodico/img_35176.gif","isUrlFilterCaseSensitive":false},"priority":1},{"id":313,"action":{"type":"block"},"condition":{"urlFilter":"||interbenavente.es/upload/img/periodico/img_36015.gif","isUrlFilterCaseSensitive":false},"priority":1},{"id":314,"action":{"type":"block"},"condition":{"urlFilter":"||juegosdiarios.com/staticfiles.juegosdiarios.com/pu/","isUrlFilterCaseSensitive":false},"priority":1},{"id":315,"action":{"type":"block"},"condition":{"urlFilter":"||juegosjuegos.ws/bfb^","resourceTypes":["sub_frame"],"isUrlFilterCaseSensitive":false},"priority":101},{"id":316,"action":{"type":"block"},"condition":{"urlFilter":"||jugandoonline.com.ar/entusitio/grafica/banner","isUrlFilterCaseSensitive":false},"priority":1},{"id":317,"action":{"type":"block"},"condition":{"urlFilter":"||labsk.net/banners/","isUrlFilterCaseSensitive":false},"priority":1},{"id":318,"action":{"type":"block"},"condition":{"urlFilter":"||labsk.net/carousel/","isUrlFilterCaseSensitive":false},"priority":1},{"id":319,"action":{"type":"block"},"condition":{"urlFilter":"||labustia.cat/wp-content/uploads/*/Banner","isUrlFilterCaseSensitive":false},"priority":1},{"id":320,"action":{"type":"block"},"condition":{"urlFilter":"||lacapitalmdp.com/2017/11/fl-1.gif","isUrlFilterCaseSensitive":false},"priority":1},{"id":321,"action":{"type":"block"},"condition":{"urlFilter":"||lacapitalmdp.com/2022/01/*.gif","isUrlFilterCaseSensitive":false},"priority":1},{"id":322,"action":{"type":"block"},"condition":{"urlFilter":"||lacapitalmdp.com/img_design/paseo_aero.jpg","isUrlFilterCaseSensitive":false},"priority":1},{"id":323,"action":{"type":"block"},"condition":{"urlFilter":"||laconversacion.net/wp-content/uploads/2017/07/IMG-20170710-WA0000.jpg","isUrlFilterCaseSensitive":false},"priority":1},{"id":324,"action":{"type":"block"},"condition":{"urlFilter":"||laconversacion.net/wp-content/uploads/2017/10/Banner-3.jpg","isUrlFilterCaseSensitive":false},"priority":1},{"id":325,"action":{"type":"block"},"condition":{"urlFilter":"||laindustria.pe/banners/","isUrlFilterCaseSensitive":false},"priority":1},{"id":326,"action":{"type":"block"},"condition":{"urlFilter":"||lancelotdigital.com/images/banners/","isUrlFilterCaseSensitive":false},"priority":1},{"id":327,"action":{"type":"block"},"condition":{"urlFilter":"||lanoticia1.com/sites/default/files/*.gif","isUrlFilterCaseSensitive":false},"priority":1},{"id":328,"action":{"type":"block"},"condition":{"urlFilter":"||laopinionsemanario.com.ar/sites/default/files/*.gif","isUrlFilterCaseSensitive":false},"priority":1},{"id":329,"action":{"type":"block"},"condition":{"urlFilter":"||laprensa.com.ar/Multimedios/Ads/","isUrlFilterCaseSensitive":false},"priority":1},{"id":330,"action":{"type":"block"},"condition":{"urlFilter":"||larazondechivilcoy.com.ar/u/banners/","isUrlFilterCaseSensitive":false},"priority":1},{"id":331,"action":{"type":"block"},"condition":{"urlFilter":"||lavozdecataratas.com/contenido/banners/","isUrlFilterCaseSensitive":false},"priority":1},{"id":332,"action":{"type":"block"},"condition":{"urlFilter":"||laxarxa.com/media/asset_publics/resources/000/009/887/original/publicitat.gif","isUrlFilterCaseSensitive":false},"priority":1},{"id":333,"action":{"type":"block"},"condition":{"urlFilter":"||ldu.com.ec/fotos/publi_*.png","isUrlFilterCaseSensitive":false},"priority":1},{"id":334,"action":{"type":"block"},"condition":{"urlFilter":"||leganews.es/wp-content/uploads/*/publicidad","isUrlFilterCaseSensitive":false},"priority":1},{"id":335,"action":{"type":"block"},"condition":{"urlFilter":"||lostiempos.com/sites/default/files/takeover/desktop/","resourceTypes":["image"],"isUrlFilterCaseSensitive":false},"priority":101},{"id":336,"action":{"type":"block"},"condition":{"urlFilter":"||loteriasmundiales.com.ar/images/columna_publi_2/anuncie_aqui2.gif","isUrlFilterCaseSensitive":false},"priority":1},{"id":337,"action":{"type":"block"},"condition":{"urlFilter":"||loteriasmundiales.com.ar/images/loterias/banners/","isUrlFilterCaseSensitive":false},"priority":1},{"id":338,"action":{"type":"block"},"condition":{"urlFilter":"||madridpress.com/upload/img/periodico/*.gif","isUrlFilterCaseSensitive":false},"priority":1},{"id":339,"action":{"type":"block"},"condition":{"urlFilter":"||magisnet.com/wp-content/uploads/2018/11/300Centropsicologico-01.png","isUrlFilterCaseSensitive":false},"priority":1},{"id":340,"action":{"type":"block"},"condition":{"urlFilter":"||manerasdevivir.com/pics/noticias/*.gif","isUrlFilterCaseSensitive":false},"priority":1},{"id":341,"action":{"type":"block"},"condition":{"urlFilter":"||manerasdevivir.com/pics/publi/","isUrlFilterCaseSensitive":false},"priority":1},{"id":342,"action":{"type":"block"},"condition":{"urlFilter":"||manuduque.com/wp-content/uploads/2021/10/banner","isUrlFilterCaseSensitive":false},"priority":1},{"id":343,"action":{"type":"block"},"condition":{"urlFilter":"||mariosegura.com/wp-content/plugins/wp-owl-carousel/","isUrlFilterCaseSensitive":false},"priority":1},{"id":344,"action":{"type":"block"},"condition":{"urlFilter":"||mariosegura.com/wp-content/uploads/*/*/*.gif","isUrlFilterCaseSensitive":false},"priority":1},{"id":345,"action":{"type":"block"},"condition":{"urlFilter":"||media.airedesantafe.com.ar/*/banners/","resourceTypes":["image"],"isUrlFilterCaseSensitive":false},"priority":101},{"id":346,"action":{"type":"block"},"condition":{"urlFilter":"||media.easy.com.ar/is/image/EasyArg/blaisteneasyhome","isUrlFilterCaseSensitive":false},"priority":1},{"id":347,"action":{"type":"block"},"condition":{"urlFilter":"||mediterraneodigital.com/images/banners/","isUrlFilterCaseSensitive":false},"priority":1},{"id":348,"action":{"type":"block"},"condition":{"urlFilter":"||mercadosonora.com.mx/wp-content/uploads/*/32X320BIOTIQUIN.png","isUrlFilterCaseSensitive":false},"priority":1},{"id":349,"action":{"type":"block"},"condition":{"urlFilter":"||meridiano.com.ve/Picfiles/logo-merbet_96x34.png","isUrlFilterCaseSensitive":false},"priority":1},{"id":350,"action":{"type":"block"},"condition":{"urlFilter":"||mesebre.cat/img/pub/","isUrlFilterCaseSensitive":false},"priority":1},{"id":351,"action":{"type":"block"},"condition":{"urlFilter":"||minube.com/administrator/minipresManager/","isUrlFilterCaseSensitive":false},"priority":1},{"id":352,"action":{"type":"block"},"condition":{"urlFilter":"||minube.com/administrator/suggestionBoxManager/","isUrlFilterCaseSensitive":false},"priority":1},{"id":353,"action":{"type":"block"},"condition":{"urlFilter":"||misionescuatro.com/wp-content/uploads/*.gif","isUrlFilterCaseSensitive":false},"priority":1},{"id":354,"action":{"type":"block"},"condition":{"urlFilter":"||mlstatic.com/img/mclics-images-merchAds","isUrlFilterCaseSensitive":false},"priority":1},{"id":355,"action":{"type":"block"},"condition":{"urlFilter":"||mmedia.20m.es/modulos/pastillas/nuevas/pastillas/Home/Gonzoogenerica.png","isUrlFilterCaseSensitive":false},"priority":1},{"id":356,"action":{"type":"block"},"condition":{"urlFilter":"||modelocurriculum.net/wp-content/descuento-promo-plantillas-cv.jpg","isUrlFilterCaseSensitive":false},"priority":1},{"id":357,"action":{"type":"block"},"condition":{"urlFilter":"||montevideo.com.uy/clima/imagenes/claroclima","isUrlFilterCaseSensitive":false},"priority":1},{"id":358,"action":{"type":"block"},"condition":{"urlFilter":"||montevideo.com.uy/plantillas/temas17/imagenes17/mundobebe_dove.jpg","isUrlFilterCaseSensitive":false},"priority":1},{"id":359,"action":{"type":"block"},"condition":{"urlFilter":"||mundodescuento.s3.amazonaws.com^","initiatorDomains":["cadena3.com"],"isUrlFilterCaseSensitive":false},"priority":201},{"id":360,"action":{"type":"block"},"condition":{"urlFilter":"||musiquiatra.com/uploads/banners","isUrlFilterCaseSensitive":false},"priority":1},{"id":361,"action":{"type":"block"},"condition":{"urlFilter":"||naciodigital.cat/redaccio/publicitat/","isUrlFilterCaseSensitive":false},"priority":1},{"id":362,"action":{"type":"block"},"condition":{"urlFilter":"||netpol.es/foropolicia_banner","isUrlFilterCaseSensitive":false},"priority":1},{"id":363,"action":{"type":"block"},"condition":{"urlFilter":"||netuy.net/banner_hosting_uruguay/","isUrlFilterCaseSensitive":false},"priority":1},{"id":364,"action":{"type":"block"},"condition":{"urlFilter":"||noticias3d.com/imagenes/banners/","isUrlFilterCaseSensitive":false},"priority":1},{"id":365,"action":{"type":"block"},"condition":{"urlFilter":"||noticiasdel6.com/*.gif","isUrlFilterCaseSensitive":false},"priority":1},{"id":366,"action":{"type":"block"},"condition":{"urlFilter":"||noticiasdelaciencia.com/upload/img/periodico/img_2972.jpg","isUrlFilterCaseSensitive":false},"priority":1},{"id":367,"action":{"type":"block"},"condition":{"urlFilter":"||notifalcon.com/wp-content/uploads/*/cropped*.jpg","isUrlFilterCaseSensitive":false},"priority":1},{"id":368,"action":{"type":"block"},"condition":{"urlFilter":"||nueva-ciudad.com.ar/advf/imagenes/*.gif","isUrlFilterCaseSensitive":false},"priority":1},{"id":369,"action":{"type":"block"},"condition":{"urlFilter":"||nueva-ciudad.com.ar/advf/imagenes/2016/09/57eaba064c5fc.png","isUrlFilterCaseSensitive":false},"priority":1},{"id":370,"action":{"type":"block"},"condition":{"urlFilter":"||nueva-ciudad.com.ar/banners/","isUrlFilterCaseSensitive":false},"priority":1},{"id":371,"action":{"type":"block"},"condition":{"urlFilter":"||objetivocastillalamancha.es/sites/default/files/NOTICIAS/BANNER","isUrlFilterCaseSensitive":false},"priority":1},{"id":372,"action":{"type":"block"},"condition":{"urlFilter":"||objetivocastillalamancha.es/sites/default/files/styles/banercolumna","isUrlFilterCaseSensitive":false},"priority":1},{"id":373,"action":{"type":"block"},"condition":{"urlFilter":"||objetivocastillalamancha.es/sites/default/files/styles/bannercolumna","isUrlFilterCaseSensitive":false},"priority":1},{"id":374,"action":{"type":"block"},"condition":{"urlFilter":"||okdiario.com/img/endesa/endesa_300x90.gif","isUrlFilterCaseSensitive":false},"priority":1},{"id":375,"action":{"type":"block"},"condition":{"urlFilter":"||pamplona.es/banner_noticias/","isUrlFilterCaseSensitive":false},"priority":1},{"id":376,"action":{"type":"block"},"condition":{"urlFilter":"||pamplonaactual.com/wp-content/uploads/*.gif","isUrlFilterCaseSensitive":false},"priority":1},{"id":377,"action":{"type":"block"},"condition":{"urlFilter":"||parlamentario.com/db/000/","isUrlFilterCaseSensitive":false},"priority":1},{"id":378,"action":{"type":"block"},"condition":{"urlFilter":"||paxinasgalegas.es/BannerService.ashx","isUrlFilterCaseSensitive":false},"priority":1},{"id":379,"action":{"type":"block"},"condition":{"urlFilter":"||perspectivasur.com/archivos/banners/","isUrlFilterCaseSensitive":false},"priority":1},{"id":380,"action":{"type":"block"},"condition":{"urlFilter":"||pf-ffp-cfp-banners.storage.googleapis.com^","initiatorDomains":["portalfruticola.com"],"resourceTypes":["image"],"isUrlFilterCaseSensitive":false},"priority":301},{"id":381,"action":{"type":"block"},"condition":{"urlFilter":"||pivigames.blog/wp-content/uploads/*750x100","isUrlFilterCaseSensitive":false},"priority":1},{"id":382,"action":{"type":"block"},"condition":{"urlFilter":"||planetabocajuniors.com.ar/imagenes/jaen/","isUrlFilterCaseSensitive":false},"priority":1},{"id":383,"action":{"type":"block"},"condition":{"urlFilter":"||poseidonhd.nz/js/storage/1/","isUrlFilterCaseSensitive":false},"priority":1},{"id":384,"action":{"type":"block"},"condition":{"urlFilter":"||practisistemas.com/images/home/claro.png","isUrlFilterCaseSensitive":false},"priority":1},{"id":385,"action":{"type":"block"},"condition":{"urlFilter":"||practisistemas.com/images/home/movistar.png","isUrlFilterCaseSensitive":false},"priority":1},{"id":386,"action":{"type":"block"},"condition":{"urlFilter":"||practisistemas.com/images/home/tigo.png","isUrlFilterCaseSensitive":false},"priority":1},{"id":387,"action":{"type":"block"},"condition":{"urlFilter":"||practisistemas.com/images/home/virgin.png","isUrlFilterCaseSensitive":false},"priority":1},{"id":388,"action":{"type":"block"},"condition":{"urlFilter":"||profesionalreview.com/wp-content/uploads/*/ASUS-SKIN_*.jpg","isUrlFilterCaseSensitive":false},"priority":1},{"id":389,"action":{"type":"block"},"condition":{"urlFilter":"||proyecto-salud.com.ar/banners/","isUrlFilterCaseSensitive":false},"priority":1},{"id":390,"action":{"type":"block"},"condition":{"urlFilter":"||proyecto-salud.com.ar/img/*.gif","isUrlFilterCaseSensitive":false},"priority":1},{"id":391,"action":{"type":"block"},"condition":{"urlFilter":"||proyecto-salud.com.ar/img/*banner","isUrlFilterCaseSensitive":false},"priority":1},{"id":392,"action":{"type":"block"},"condition":{"urlFilter":"||proyecto-salud.com.ar/img/novedades-medicas.jpg","isUrlFilterCaseSensitive":false},"priority":1},{"id":393,"action":{"type":"block"},"condition":{"urlFilter":"||puntobiz.com.ar/data/img_cont/img_banners/","isUrlFilterCaseSensitive":false},"priority":1},{"id":394,"action":{"type":"block"},"condition":{"urlFilter":"||puntomedio.mx/wp-content/uploads/2019/07/whatsapp-image-2019-07-29-at-3.40.53-pm-1.jpeg","isUrlFilterCaseSensitive":false},"priority":1},{"id":395,"action":{"type":"block"},"condition":{"urlFilter":"||puntomedio.mx/wp-content/uploads/2019/11/kinea2.jpg","isUrlFilterCaseSensitive":false},"priority":1},{"id":396,"action":{"type":"block"},"condition":{"urlFilter":"||px.fotos.cdn.0223.com.ar/f/5399f9f213cd649c19000009/","isUrlFilterCaseSensitive":false},"priority":1},{"id":397,"action":{"type":"block"},"condition":{"urlFilter":"||px.fotos.cdn.0223.com.ar/f/539f4f6c5408217c16000029/","isUrlFilterCaseSensitive":false},"priority":1},{"id":398,"action":{"type":"block"},"condition":{"urlFilter":"||px.fotos.cdn.0223.com.ar/f/5487365314cdac0400000148/","isUrlFilterCaseSensitive":false},"priority":1},{"id":399,"action":{"type":"block"},"condition":{"urlFilter":"||px.fotos.cdn.0223.com.ar/f/55cd3fc7b07ac20500000282/","isUrlFilterCaseSensitive":false},"priority":1},{"id":400,"action":{"type":"block"},"condition":{"urlFilter":"||rae.es/sites/all/common/images/logos/","isUrlFilterCaseSensitive":false},"priority":1},{"id":401,"action":{"type":"block"},"condition":{"urlFilter":"||ramenparados.com/wp-content/uploads/*Akira.jpg","isUrlFilterCaseSensitive":false},"priority":1},{"id":402,"action":{"type":"block"},"condition":{"urlFilter":"||realovirtual.com/pictures/banners/","isUrlFilterCaseSensitive":false},"priority":1},{"id":403,"action":{"type":"block"},"condition":{"urlFilter":"||realpolitik.com.ar/uploads/banners/","isUrlFilterCaseSensitive":false},"priority":1},{"id":404,"action":{"type":"block"},"condition":{"urlFilter":"||recambios-expres.es/medias/oil-bundle-oil-es.png","isUrlFilterCaseSensitive":false},"priority":1},{"id":405,"action":{"type":"block"},"condition":{"urlFilter":"||recursos.equipohumano.com/*_plubli/enlace.html^","initiatorDomains":["valenciaplaza.com"],"resourceTypes":["sub_frame"],"isUrlFilterCaseSensitive":false},"priority":301},{"id":406,"action":{"type":"block"},"condition":{"urlFilter":"||red92.com/images/uploaded/spots/","isUrlFilterCaseSensitive":false},"priority":1},{"id":407,"action":{"type":"block"},"condition":{"urlFilter":"||religionenlibertad.com/imgpbs/","isUrlFilterCaseSensitive":false},"priority":1},{"id":408,"action":{"type":"block"},"condition":{"urlFilter":"||rioja2.com/images/banners/","isUrlFilterCaseSensitive":false},"priority":1},{"id":409,"action":{"type":"block"},"condition":{"urlFilter":"||rojadirectatv.tv/publicity/anuncio.php^","isUrlFilterCaseSensitive":false},"priority":1},{"id":410,"action":{"type":"block"},"condition":{"urlFilter":"||rosariogarage.com/resources/banner/","isUrlFilterCaseSensitive":false},"priority":1},{"id":411,"action":{"type":"block"},"condition":{"urlFilter":"||rota-cofrade.net/images/fotosdiseno/publi","isUrlFilterCaseSensitive":false},"priority":1},{"id":412,"action":{"type":"block"},"condition":{"urlFilter":"||rs.20m.es/i/petitchef_cintillo.jpg","isUrlFilterCaseSensitive":false},"priority":1},{"id":413,"action":{"type":"block"},"condition":{"urlFilter":"||s3.amazonaws.com/comparabien-default/ads/","isUrlFilterCaseSensitive":false},"priority":1},{"id":414,"action":{"type":"block"},"condition":{"urlFilter":"||s3.amazonaws.com/neoauto.com%2Felements%2FhomeCover","isUrlFilterCaseSensitive":false},"priority":1},{"id":415,"action":{"type":"block"},"condition":{"urlFilter":"||salpimenta.com.ar/wp-content/uploads/*.gif","isUrlFilterCaseSensitive":false},"priority":1},{"id":416,"action":{"type":"block"},"condition":{"urlFilter":"||sanjustonoticias.com.ar/agregados/banners","isUrlFilterCaseSensitive":false},"priority":1},{"id":417,"action":{"type":"block"},"condition":{"urlFilter":"||seriesypelisonline.com/wp-content/uploads/*/me-corro.png","isUrlFilterCaseSensitive":false},"priority":1},{"id":418,"action":{"type":"block"},"condition":{"urlFilter":"||shellshock.io/img/promo/","isUrlFilterCaseSensitive":false},"priority":1},{"id":419,"action":{"type":"block"},"condition":{"urlFilter":"||sinmordaza.com/images/*banner*.jpg","isUrlFilterCaseSensitive":false},"priority":1},{"id":420,"action":{"type":"block"},"condition":{"urlFilter":"||sirchandler.com.ar/wp-content/uploads/202*/11/","isUrlFilterCaseSensitive":false},"priority":1},{"id":421,"action":{"type":"block"},"condition":{"urlFilter":"||sirchandler.com.ar/wp-content/uploads/2021/10/","isUrlFilterCaseSensitive":false},"priority":1},{"id":422,"action":{"type":"block"},"condition":{"urlFilter":"||sirchandler.com.ar/wp-content/uploads/2021/12/booking","isUrlFilterCaseSensitive":false},"priority":1},{"id":423,"action":{"type":"block"},"condition":{"urlFilter":"||siteground.es/img/banners/","isUrlFilterCaseSensitive":false},"priority":1},{"id":424,"action":{"type":"block"},"condition":{"urlFilter":"||smnoticias.com/wp-content/uploads/*/*.gif","isUrlFilterCaseSensitive":false},"priority":1},{"id":425,"action":{"type":"block"},"condition":{"urlFilter":"||smnoticias.com/wp-content/uploads/2017/03/gelay.jpg","isUrlFilterCaseSensitive":false},"priority":1},{"id":426,"action":{"type":"block"},"condition":{"urlFilter":"||smnoticias.com/wp-content/uploads/2017/03/san.miguel.municipio.jpg","isUrlFilterCaseSensitive":false},"priority":1},{"id":427,"action":{"type":"block"},"condition":{"urlFilter":"||smnoticias.com/wp-content/uploads/2017/05/Banner-Concejo-Deliberante.jpg","isUrlFilterCaseSensitive":false},"priority":1},{"id":428,"action":{"type":"block"},"condition":{"urlFilter":"||smnoticias.com/wp-content/uploads/2017/06/maraton-asi.jpg","isUrlFilterCaseSensitive":false},"priority":1},{"id":429,"action":{"type":"block"},"condition":{"urlFilter":"||smnoticias.com/wp-content/uploads/2017/07/Banner-Galmarini.jpg","isUrlFilterCaseSensitive":false},"priority":1},{"id":430,"action":{"type":"block"},"condition":{"urlFilter":"||smnoticias.com/wp-content/uploads/2017/08/300x100-Destacamentos.jpg","isUrlFilterCaseSensitive":false},"priority":1},{"id":431,"action":{"type":"block"},"condition":{"urlFilter":"||smnoticias.com/wp-content/uploads/2017/09/Banner-Plaza-Barrio-Estudiantes.jpg","isUrlFilterCaseSensitive":false},"priority":1},{"id":432,"action":{"type":"block"},"condition":{"urlFilter":"||smnoticias.com/wp-content/uploads/2017/09/Prensa_Senado3.jpg","isUrlFilterCaseSensitive":false},"priority":1},{"id":433,"action":{"type":"block"},"condition":{"urlFilter":"||smnoticias.info/*.gif","isUrlFilterCaseSensitive":false},"priority":1},{"id":434,"action":{"type":"block"},"condition":{"urlFilter":"||smnoticias.info/mpa.jpg","isUrlFilterCaseSensitive":false},"priority":1},{"id":435,"action":{"type":"block"},"condition":{"urlFilter":"||smnoticias.info/separador.banner.jpg","isUrlFilterCaseSensitive":false},"priority":1},{"id":436,"action":{"type":"block"},"condition":{"urlFilter":"||srnovelas.com/wp-content/uploads/*/descubre-wsp.jpg","resourceTypes":["image"],"isUrlFilterCaseSensitive":false},"priority":101},{"id":437,"action":{"type":"block"},"condition":{"urlFilter":"||srnovelas.com/wp-content/uploads/*/sistemawsp.jpg","resourceTypes":["image"],"isUrlFilterCaseSensitive":false},"priority":101},{"id":438,"action":{"type":"block"},"condition":{"urlFilter":"||st.forocoches.com/image/top_c2_fcs_hd_hawkers.png","isUrlFilterCaseSensitive":false},"priority":1},{"id":439,"action":{"type":"block"},"condition":{"urlFilter":"||st.forocoches.com/image/varios/iphone6_ipadmini.png","isUrlFilterCaseSensitive":false},"priority":1},{"id":440,"action":{"type":"block"},"condition":{"urlFilter":"||st1.idealista.com/news/archivos/styles/348x90/public/ficheros_widget_news/img/balcon_concha_vanguardia.jpg","isUrlFilterCaseSensitive":false},"priority":1},{"id":441,"action":{"type":"block"},"condition":{"urlFilter":"||static.emol.cl/emol50/js/funcionesComun.js?","isUrlFilterCaseSensitive":false},"priority":1},{"id":442,"action":{"type":"block"},"condition":{"urlFilter":"||static.htcmania.com/*_180x150-","isUrlFilterCaseSensitive":false},"priority":1},{"id":443,"action":{"type":"block"},"condition":{"urlFilter":"||static.htcmania.com/180-150-","isUrlFilterCaseSensitive":false},"priority":1},{"id":444,"action":{"type":"block"},"condition":{"urlFilter":"||stream2watch.is/crons/pop_code.js","isUrlFilterCaseSensitive":false},"priority":1},{"id":445,"action":{"type":"block"},"condition":{"urlFilter":"||streamtape.cc/mainstream3.js","isUrlFilterCaseSensitive":false},"priority":1},{"id":446,"action":{"type":"block"},"condition":{"urlFilter":"||tabascohoy.com/img/blogmiguelcanton.png","isUrlFilterCaseSensitive":false},"priority":1},{"id":447,"action":{"type":"block"},"condition":{"urlFilter":"||tabascohoy.com/img/temp/banner_miguelcanton.png","isUrlFilterCaseSensitive":false},"priority":1},{"id":448,"action":{"type":"block"},"condition":{"urlFilter":"||tabascohoy.com/img/temp/banner_notasgoogle.png","isUrlFilterCaseSensitive":false},"priority":1},{"id":449,"action":{"type":"block"},"condition":{"urlFilter":"||telexplorer.com.ar/images/banners/","isUrlFilterCaseSensitive":false},"priority":1},{"id":450,"action":{"type":"block"},"condition":{"urlFilter":"||teliad.es/*/banner/","isUrlFilterCaseSensitive":false},"priority":1},{"id":451,"action":{"type":"block"},"condition":{"urlFilter":"||tiemposur.com.ar/banners/","isUrlFilterCaseSensitive":false},"priority":1},{"id":452,"action":{"type":"block"},"condition":{"urlFilter":"||tiemposur.com.ar/uploads/banners","isUrlFilterCaseSensitive":false},"priority":1},{"id":453,"action":{"type":"block"},"condition":{"urlFilter":"||tiquetesbaratos.com/pruebas/periodicos/","isUrlFilterCaseSensitive":false},"priority":1},{"id":454,"action":{"type":"block"},"condition":{"urlFilter":"||todopuebla.com^","initiatorDomains":["elpopular.mx"],"resourceTypes":["sub_frame"],"isUrlFilterCaseSensitive":false},"priority":301},{"id":455,"action":{"type":"block"},"condition":{"urlFilter":"||tucumanalas7.com.ar/u/banners/","isUrlFilterCaseSensitive":false},"priority":1},{"id":456,"action":{"type":"block"},"condition":{"urlFilter":"||tumbaabierta.com/wp-content/uploads/*/*/banner_","isUrlFilterCaseSensitive":false},"priority":1},{"id":457,"action":{"type":"block"},"condition":{"urlFilter":"||tumblr.com/eqq8p0h/2f9mqpk3y/gif__1_.gif","isUrlFilterCaseSensitive":false},"priority":1},{"id":458,"action":{"type":"block"},"condition":{"urlFilter":"||tumblr.com/omgciym/ApWozdebj/sin-t__tulo-2.jpg","isUrlFilterCaseSensitive":false},"priority":1},{"id":459,"action":{"type":"block"},"condition":{"urlFilter":"||tumblr.com/omgciym/bDjozcv4x/pampling.jpg","isUrlFilterCaseSensitive":false},"priority":1},{"id":460,"action":{"type":"block"},"condition":{"urlFilter":"||tumblr.com/omgciym/Gylmyj90o/finovinilos.jpg","isUrlFilterCaseSensitive":false},"priority":1},{"id":461,"action":{"type":"block"},"condition":{"urlFilter":"||tutiempo.net/ttbp.php","isUrlFilterCaseSensitive":false},"priority":1},{"id":462,"action":{"type":"block"},"condition":{"urlFilter":"||uecdn.es/assets/desktop/master/img/patrocinio_","isUrlFilterCaseSensitive":false},"priority":1},{"id":463,"action":{"type":"block"},"condition":{"urlFilter":"||ushuaia24.com.ar/download/multimedia.normal.*.gif","isUrlFilterCaseSensitive":false},"priority":1},{"id":464,"action":{"type":"block"},"condition":{"urlFilter":"||va6.thand.info/embed-^","domainType":"thirdParty","isUrlFilterCaseSensitive":false},"priority":2},{"id":465,"action":{"type":"block"},"condition":{"urlFilter":"||vertelenovelasonline.com/wp-content/uploads/*/amazon.gif","isUrlFilterCaseSensitive":false},"priority":1},{"id":466,"action":{"type":"block"},"condition":{"urlFilter":"||vertelenovelasonline.com/wp-content/uploads/*/Untitled-design-*.gif","isUrlFilterCaseSensitive":false},"priority":1},{"id":467,"action":{"type":"block"},"condition":{"urlFilter":"||videoo.tv^","initiatorDomains":["aulafacil.com"],"resourceTypes":["script"],"isUrlFilterCaseSensitive":false},"priority":301},{"id":468,"action":{"type":"block"},"condition":{"urlFilter":"||vigoe.es/images/pbanner/","isUrlFilterCaseSensitive":false},"priority":1},{"id":469,"action":{"type":"block"},"condition":{"urlFilter":"||widget.laxarxa.com/ext/embeddable_frames/","isUrlFilterCaseSensitive":false},"priority":1},{"id":470,"action":{"type":"block"},"condition":{"urlFilter":"||widgets.helpmycash.com/ranking-financiero/","isUrlFilterCaseSensitive":false},"priority":1},{"id":471,"action":{"type":"block"},"condition":{"urlFilter":"||wp.com/realidadsm.com/wp-content/*banner","initiatorDomains":["realidadsm.com"],"resourceTypes":["image"],"isUrlFilterCaseSensitive":false},"priority":301},{"id":472,"action":{"type":"block"},"condition":{"urlFilter":"||wp.com/sinmordaza.com/*?w=","initiatorDomains":["sinmordaza.com"],"resourceTypes":["image"],"isUrlFilterCaseSensitive":false},"priority":301},{"id":473,"action":{"type":"block"},"condition":{"urlFilter":"||xtremostereo.net/t3l33/","isUrlFilterCaseSensitive":false},"priority":1},{"id":474,"action":{"type":"block"},"condition":{"urlFilter":"||yucatan.com.mx/wp-content/uploads/*/*/banner","isUrlFilterCaseSensitive":false},"priority":1},{"id":475,"action":{"type":"block"},"condition":{"urlFilter":"||zapping.live/images/uploads/banners/zapping-*.gif^","isUrlFilterCaseSensitive":false},"priority":1},{"id":478,"action":{"type":"block"},"condition":{"domainType":"thirdParty","initiatorDomains":["xtremostereo.net"],"resourceTypes":["script"],"isUrlFilterCaseSensitive":false},"priority":302},{"id":479,"action":{"type":"block"},"condition":{"urlFilter":"/ads/brand_day^","initiatorDomains":["diariomotor.com"],"isUrlFilterCaseSensitive":false},"priority":201},{"id":480,"action":{"type":"block"},"condition":{"urlFilter":"/fallback_pub_","initiatorDomains":["ecartelera.com"],"isUrlFilterCaseSensitive":false},"priority":201},{"id":481,"action":{"type":"block"},"condition":{"regexFilter":"imagenespublicidad","initiatorDomains":["alcalorpolitico.com"],"resourceTypes":["image"],"isUrlFilterCaseSensitive":false},"priority":301},{"id":482,"action":{"type":"block"},"condition":{"regexFilter":"popup-maker","initiatorDomains":["diariotextual.com"],"resourceTypes":["script"],"isUrlFilterCaseSensitive":false},"priority":301},{"id":483,"action":{"type":"block"},"condition":{"urlFilter":"||annarecetasfaciles.com/*-idoneo.gif","isUrlFilterCaseSensitive":false},"priority":1},{"id":484,"action":{"type":"block"},"condition":{"urlFilter":"||budokaifighters.com/images/","isUrlFilterCaseSensitive":false},"priority":1},{"id":485,"action":{"type":"block"},"condition":{"urlFilter":"||elcolombiano.com/*/punto-de-compras-2-productos","isUrlFilterCaseSensitive":false},"priority":1},{"id":486,"action":{"type":"block"},"condition":{"urlFilter":"||elhistoriador.com.ar/*/*banner","isUrlFilterCaseSensitive":false},"priority":1},{"id":487,"action":{"type":"block"},"condition":{"urlFilter":"||elhistoriador.com.ar/*/2021/1*/","isUrlFilterCaseSensitive":false},"priority":1},{"id":488,"action":{"type":"block"},"condition":{"urlFilter":"||elhistoriador.com.ar/*/fedun","isUrlFilterCaseSensitive":false},"priority":1},{"id":489,"action":{"type":"block"},"condition":{"urlFilter":"||elitestream.co/script/storage/v6/","isUrlFilterCaseSensitive":false},"priority":1},{"id":490,"action":{"type":"block"},"condition":{"urlFilter":"||elperiodicodeportivo.com.co/sites/default/files/inline-images/","isUrlFilterCaseSensitive":false},"priority":1},{"id":491,"action":{"type":"block"},"condition":{"urlFilter":"||epasatiempos.es/js/af.js","isUrlFilterCaseSensitive":false},"priority":1},{"id":492,"action":{"type":"block"},"condition":{"urlFilter":"||epasatiempos.es/js/dab.js","isUrlFilterCaseSensitive":false},"priority":1},{"id":493,"action":{"type":"block"},"condition":{"urlFilter":"||estadiodeportivo.com/elementosWeb/gestionCajas/EDE/Imag","isUrlFilterCaseSensitive":false},"priority":1},{"id":494,"action":{"type":"block"},"condition":{"urlFilter":"||extra.com.co/sites/default/files/*/elite-barber-shop","isUrlFilterCaseSensitive":false},"priority":1},{"id":495,"action":{"type":"block"},"condition":{"urlFilter":"||forosforex.com/images/banner/","isUrlFilterCaseSensitive":false},"priority":1},{"id":496,"action":{"type":"block"},"condition":{"urlFilter":"||gerente.com/co?_","resourceTypes":["sub_frame"],"isUrlFilterCaseSensitive":false},"priority":101},{"id":497,"action":{"type":"block"},"condition":{"urlFilter":"||gtsstatic.com/static/mscripts/index_457.js","isUrlFilterCaseSensitive":false},"priority":1},{"id":498,"action":{"type":"block"},"condition":{"urlFilter":"||imparteconocimientos.com/recursos/Anti-AdBlocker.js","isUrlFilterCaseSensitive":false},"priority":1},{"id":499,"action":{"type":"block"},"condition":{"urlFilter":"||incp.org.co/wp-content/uploads/2021/07/","isUrlFilterCaseSensitive":false},"priority":1},{"id":500,"action":{"type":"block"},"condition":{"urlFilter":"||jerezcofrade.tv/wp-content/uploads/*/*.js","resourceTypes":["script"],"isUrlFilterCaseSensitive":false},"priority":101},{"id":501,"action":{"type":"block"},"condition":{"urlFilter":"||lacasadeel.net/banners/","resourceTypes":["image"],"isUrlFilterCaseSensitive":false},"priority":101},{"id":502,"action":{"type":"block"},"condition":{"urlFilter":"||lavozdealmeria.es/js/addblock.js","isUrlFilterCaseSensitive":false},"priority":1},{"id":503,"action":{"type":"block"},"condition":{"urlFilter":"||mangas.in/js/taktak.js","isUrlFilterCaseSensitive":false},"priority":1},{"id":504,"action":{"type":"block"},"condition":{"urlFilter":"||masgamers.com/wp-content/uploads/2019","isUrlFilterCaseSensitive":false},"priority":1},{"id":505,"action":{"type":"block"},"condition":{"urlFilter":"||motociclismo.es/js/compiled_blockadblock_15.js","isUrlFilterCaseSensitive":false},"priority":1},{"id":506,"action":{"type":"block"},"condition":{"urlFilter":"||newsearnmoney.com/*/popup.js","isUrlFilterCaseSensitive":false},"priority":1},{"id":507,"action":{"type":"block"},"condition":{"urlFilter":"||noticiasdelaciencia.com/libs_oss/adblock/","isUrlFilterCaseSensitive":false},"priority":1},{"id":508,"action":{"type":"block"},"condition":{"urlFilter":"||noticierodelllano.com/wp-content/uploads/2021/05/","isUrlFilterCaseSensitive":false},"priority":1},{"id":509,"action":{"type":"block"},"condition":{"urlFilter":"||odontologos.com.co/assets/images/advertising/","isUrlFilterCaseSensitive":false},"priority":1},{"id":510,"action":{"type":"block"},"condition":{"urlFilter":"||odontologos.com.co/images/pauta/Gif-1-Pauta","isUrlFilterCaseSensitive":false},"priority":1},{"id":511,"action":{"type":"block"},"condition":{"urlFilter":"||okdiario.com/app/4/js/check-blocker.js","isUrlFilterCaseSensitive":false},"priority":1},{"id":512,"action":{"type":"block"},"condition":{"urlFilter":"||opanoticias.com/assets/imgs/banner/","isUrlFilterCaseSensitive":false},"priority":1},{"id":513,"action":{"type":"block"},"condition":{"urlFilter":"||opanoticias.com/img/uccnoviembre","isUrlFilterCaseSensitive":false},"priority":1},{"id":514,"action":{"type":"block"},"condition":{"urlFilter":"||pieldetoro.net/web/imagen/","isUrlFilterCaseSensitive":false},"priority":1},{"id":515,"action":{"type":"block"},"condition":{"urlFilter":"||prensalibrecasanare.com/b202*/","isUrlFilterCaseSensitive":false},"priority":1},{"id":516,"action":{"type":"block"},"condition":{"urlFilter":"||profesionalreview.com/*/2021/11/asus-z690-cashback","isUrlFilterCaseSensitive":false},"priority":1},{"id":517,"action":{"type":"block"},"condition":{"urlFilter":"||rtvc.es/storage/*/249.js","resourceTypes":["script"],"isUrlFilterCaseSensitive":false},"priority":101},{"id":518,"action":{"type":"block"},"condition":{"urlFilter":"||superligatv.com/js/jquery.blockBlock.js","isUrlFilterCaseSensitive":false},"priority":1},{"id":519,"action":{"type":"block"},"condition":{"urlFilter":"||todopolicia.com/wp-content/uploads/","resourceTypes":["script"],"isUrlFilterCaseSensitive":false},"priority":101},{"id":520,"action":{"type":"block"},"condition":{"urlFilter":"||truepush.com^","domainType":"thirdParty","initiatorDomains":["animeyt.es"],"isUrlFilterCaseSensitive":false},"priority":202},{"id":521,"action":{"type":"block"},"condition":{"urlFilter":"||amaduras.com/img-publicidad/","isUrlFilterCaseSensitive":false},"priority":1},{"id":522,"action":{"type":"block"},"condition":{"urlFilter":"||doncolombia.com/data/siropu/","isUrlFilterCaseSensitive":false},"priority":1},{"id":523,"action":{"type":"block"},"condition":{"urlFilter":"||donlgbt.com/images/banner_","isUrlFilterCaseSensitive":false},"priority":1},{"id":524,"action":{"type":"block"},"condition":{"urlFilter":"||esaschicas.com/data/siropu/","isUrlFilterCaseSensitive":false},"priority":1},{"id":525,"action":{"type":"block"},"condition":{"urlFilter":"||fucklouder.com/images/thumbs/banners/","isUrlFilterCaseSensitive":false},"priority":1},{"id":526,"action":{"type":"block"},"condition":{"urlFilter":"||hispasexy.org/buttons/banner728.gif","isUrlFilterCaseSensitive":false},"priority":1},{"id":527,"action":{"type":"block"},"condition":{"urlFilter":"||madlifes.com/tools/get_banner.php","isUrlFilterCaseSensitive":false},"priority":1},{"id":528,"action":{"type":"block"},"condition":{"urlFilter":"||mundosexanuncio.com/img_es/banners/","isUrlFilterCaseSensitive":false},"priority":1},{"id":529,"action":{"type":"block"},"condition":{"urlFilter":"||pasionmujeres.com/ai/","isUrlFilterCaseSensitive":false},"priority":1},{"id":530,"action":{"type":"block"},"condition":{"urlFilter":"||pepeporn.com/tools/get_banner.php","isUrlFilterCaseSensitive":false},"priority":1},{"id":531,"action":{"type":"block"},"condition":{"urlFilter":"||petardashd.com/archivos/static/hd/img/sponsor/","isUrlFilterCaseSensitive":false},"priority":1},{"id":532,"action":{"type":"block"},"condition":{"urlFilter":"||plx.pornes.xxx^","isUrlFilterCaseSensitive":false},"priority":1},{"id":533,"action":{"type":"block"},"condition":{"urlFilter":"||poringa.net/ra/","isUrlFilterCaseSensitive":false},"priority":1},{"id":534,"action":{"type":"block"},"condition":{"urlFilter":"||pornogratisdiario.com/imagenes_publicidad/","isUrlFilterCaseSensitive":false},"priority":1},{"id":535,"action":{"type":"block"},"condition":{"urlFilter":"||pornolandia.xxx/static/xxx/cameraprive/","isUrlFilterCaseSensitive":false},"priority":1},{"id":536,"action":{"type":"block"},"condition":{"urlFilter":"||pulpo69.com/nb/","isUrlFilterCaseSensitive":false},"priority":1},{"id":537,"action":{"type":"block"},"condition":{"urlFilter":"||ra.poringa.net^","isUrlFilterCaseSensitive":false},"priority":1},{"id":538,"action":{"type":"block"},"condition":{"urlFilter":"||spalumi.com/images/icons/Escortsvipibiza32022.gif","isUrlFilterCaseSensitive":false},"priority":1},{"id":539,"action":{"type":"block"},"condition":{"urlFilter":"||suiteporno.com/fragrant-fog-dc3b/","isUrlFilterCaseSensitive":false},"priority":1},{"id":540,"action":{"type":"block"},"condition":{"urlFilter":"||teatroporno.com/ai/","isUrlFilterCaseSensitive":false},"priority":1},{"id":541,"action":{"type":"block"},"condition":{"urlFilter":"||todorelatos.com/freecam/","resourceTypes":["sub_frame"],"isUrlFilterCaseSensitive":false},"priority":101},{"id":542,"action":{"type":"block"},"condition":{"urlFilter":"||todorelatos.com/promo/","resourceTypes":["sub_frame"],"isUrlFilterCaseSensitive":false},"priority":101},{"id":543,"action":{"type":"block"},"condition":{"urlFilter":"||tupornogratis.xxx/bnr/","isUrlFilterCaseSensitive":false},"priority":1},{"id":544,"action":{"type":"block"},"condition":{"urlFilter":"||videosporno.org/empty-band-2ead/","isUrlFilterCaseSensitive":false},"priority":1},{"id":545,"action":{"type":"block"},"condition":{"urlFilter":"||xcuca.com/pout/","isUrlFilterCaseSensitive":false},"priority":1},{"id":546,"action":{"type":"block"},"condition":{"urlFilter":"||xtusubs.com/zindexadspro1.php","isUrlFilterCaseSensitive":false},"priority":1},{"id":548,"action":{"type":"allow"},"condition":{"urlFilter":"||20m.es/prebid/","initiatorDomains":["20minutos.es"],"resourceTypes":["script"],"isUrlFilterCaseSensitive":false},"priority":100301},{"id":549,"action":{"type":"allow"},"condition":{"urlFilter":"||ads.pubmatic.com/AdServer/js/pwtSync/","initiatorDomains":["independentespanol.com"],"resourceTypes":["sub_frame"],"isUrlFilterCaseSensitive":false},"priority":100301},{"id":550,"action":{"type":"allow"},"condition":{"urlFilter":"||adswizz.com/adswizz/js/SynchroClient2.js","initiatorDomains":["13cradio.cl"],"resourceTypes":["script"],"isUrlFilterCaseSensitive":false},"priority":100301},{"id":551,"action":{"type":"allow"},"condition":{"urlFilter":"||alkosto.cdn.adglare.net^","initiatorDomains":["alkosto.com","ktronix.com"],"resourceTypes":["image","xmlhttprequest"],"isUrlFilterCaseSensitive":false},"priority":100226},{"id":552,"action":{"type":"allow"},"condition":{"urlFilter":"||alkosto.engine.adglare.net^","initiatorDomains":["alkosto.com","ktronix.com"],"resourceTypes":["script","xmlhttprequest"],"isUrlFilterCaseSensitive":false},"priority":100226},{"id":553,"action":{"type":"allow"},"condition":{"urlFilter":"||amazon-adsystem.com/aax2/apstag.js","initiatorDomains":["20minutos.es"],"resourceTypes":["script"],"isUrlFilterCaseSensitive":false},"priority":100301},{"id":554,"action":{"type":"allow"},"condition":{"urlFilter":"||bradmax.com/client/embed-player/*/pubads.g.doubleclick.net/","initiatorDomains":["teletica.com"],"resourceTypes":["sub_frame"],"isUrlFilterCaseSensitive":false},"priority":100301},{"id":555,"action":{"type":"allow"},"condition":{"urlFilter":"||d1r08wok4169a5.cloudfront.net/iframes/depor_logo.svg","initiatorDomains":["depor.com"],"isUrlFilterCaseSensitive":false},"priority":100201},{"id":556,"action":{"type":"allow"},"condition":{"urlFilter":"||firmadigital.gob.ec/wp-content/plugins/banner-ads-rotator/","domainType":"firstParty","isUrlFilterCaseSensitive":false},"priority":100002},{"id":557,"action":{"type":"allow"},"condition":{"urlFilter":"||g.doubleclick.net/gampad/ads?","initiatorDomains":["pccomponentes.com"],"isUrlFilterCaseSensitive":false},"priority":100201},{"id":558,"action":{"type":"allow"},"condition":{"urlFilter":"||g.doubleclick.net/gpt/pubads_impl_","initiatorDomains":["pccomponentes.com"],"isUrlFilterCaseSensitive":false},"priority":100201},{"id":559,"action":{"type":"allow"},"condition":{"urlFilter":"||g.doubleclick.net/pagead/ads?","initiatorDomains":["3djuegosguias.com","3djuegospc.com","applesfera.com","compradiccion.com","directoalpaladar.com","espinof.com","genbeta.com","poprosa.com","trendencias.com","trendenciashombre.com","vidaextra.com","vitonica.com","xataka.com","xatakamovil.com"],"isUrlFilterCaseSensitive":false},"priority":100109},{"id":560,"action":{"type":"allow"},"condition":{"urlFilter":"||gecpublicidad.com/publicidades/ESPECIALES/assets/banner_ecuadoradio.jpg","initiatorDomains":["elcomercio.com"],"isUrlFilterCaseSensitive":false},"priority":100201},{"id":561,"action":{"type":"allow"},"condition":{"urlFilter":"||getjad.io/library/","initiatorDomains":["3djuegosguias.com","3djuegospc.com","applesfera.com","compradiccion.com","directoalpaladar.com","espinof.com","genbeta.com","poprosa.com","trendencias.com","trendenciashombre.com","vidaextra.com","vitonica.com","xataka.com","xatakamovil.com"],"resourceTypes":["script"],"isUrlFilterCaseSensitive":false},"priority":100209},{"id":562,"action":{"type":"allow"},"condition":{"urlFilter":"||getjad.io/prebid/","initiatorDomains":["3djuegosguias.com","3djuegospc.com","applesfera.com","compradiccion.com","directoalpaladar.com","espinof.com","genbeta.com","poprosa.com","trendencias.com","trendenciashombre.com","vidaextra.com","vitonica.com","xataka.com","xatakamovil.com"],"resourceTypes":["script"],"isUrlFilterCaseSensitive":false},"priority":100209},{"id":563,"action":{"type":"allow"},"condition":{"urlFilter":"||go.ezodn.com/tardisrocinante/lazy_load.js?","initiatorDomains":["mensajesdecumpleanosweb.com"],"resourceTypes":["script"],"isUrlFilterCaseSensitive":false},"priority":100301},{"id":564,"action":{"type":"allow"},"condition":{"urlFilter":"||googlesyndication.com/simgad/","initiatorDomains":["pccomponentes.com"],"resourceTypes":["image"],"isUrlFilterCaseSensitive":false},"priority":100301},{"id":565,"action":{"type":"allow"},"condition":{"urlFilter":"||googletagservices.com/tag/js/gpt.js","initiatorDomains":["ivoox.com","pccomponentes.com"],"isUrlFilterCaseSensitive":false},"priority":100151},{"id":566,"action":{"type":"allow"},"condition":{"urlFilter":"||iframes.5centscdn.com/5centscdn/*&adTagUrl=https://pubads.g.doubleclick.net/","initiatorDomains":["teletica.com"],"resourceTypes":["sub_frame"],"isUrlFilterCaseSensitive":false},"priority":100301},{"id":567,"action":{"type":"allow"},"condition":{"urlFilter":"||imasdk.googleapis.com/js/sdkloader/ima3.js","initiatorDomains":["api.apolomedia.com","carolina.cl","crhoy.com","niusdiario.es","paxtvmovil.org","radiocandela.cl","romantica.cl","rtve.es","tn.com.ar"],"isUrlFilterCaseSensitive":false},"priority":100113},{"id":568,"action":{"type":"allow"},"condition":{"urlFilter":"||jsdelivr.net/npm/videojs-contrib-ads@6.7.0/dist/videojs.ads.css","initiatorDomains":["eluniversal.com.mx"],"resourceTypes":["stylesheet"],"isUrlFilterCaseSensitive":false},"priority":100301},{"id":569,"action":{"type":"allow"},"condition":{"urlFilter":"||letrasyfuentes.com/tardisrocinante/screx.js?","domainType":"firstParty","resourceTypes":["script"],"isUrlFilterCaseSensitive":false},"priority":100102},{"id":570,"action":{"type":"allow"},"condition":{"urlFilter":"||live.primis.tech/live/","initiatorDomains":["bolavip.com","dalealbo.cl","futbolcentroamerica.com","juanbeisbol.com","juanfutbol.com","lapaginamillonaria.com","redgol.cl","somosfanaticos.fans"],"resourceTypes":["script"],"isUrlFilterCaseSensitive":false},"priority":100214},{"id":571,"action":{"type":"allow"},"condition":{"urlFilter":"||pagead2.googlesyndication.com/pagead/js/adsbygoogle.js","initiatorDomains":["3djuegosguias.com","3djuegospc.com","applesfera.com","compradiccion.com","directoalpaladar.com","espinof.com","genbeta.com","poprosa.com","trendencias.com","trendenciashombre.com","vidaextra.com","vitonica.com","xataka.com","xatakamovil.com"],"resourceTypes":["script"],"isUrlFilterCaseSensitive":false},"priority":100209},{"id":572,"action":{"type":"allow"},"condition":{"urlFilter":"||pub.pixels.ai/wrap-independent-no-prebid-lib.js","initiatorDomains":["independentespanol.com"],"resourceTypes":["script"],"isUrlFilterCaseSensitive":false},"priority":100301},{"id":573,"action":{"type":"allow"},"condition":{"urlFilter":"||pub.pixels.ai/wrap-independent-prebid-lib.js","initiatorDomains":["independentespanol.com"],"resourceTypes":["script"],"isUrlFilterCaseSensitive":false},"priority":100301},{"id":574,"action":{"type":"allow"},"condition":{"urlFilter":"||imasdk.googleapis.com/js/sdkloader/ima3.js","initiatorDomains":["vmf.edge-apps.net"],"isUrlFilterCaseSensitive":false},"priority":100201},{"id":575,"action":{"type":"allow"},"condition":{"urlFilter":"||imasdk.googleapis.com/js/sdkloader/ima3_dai.js","initiatorDomains":["vmf.edge-apps.net"],"isUrlFilterCaseSensitive":false},"priority":100201},{"id":576,"action":{"type":"allow"},"condition":{"urlFilter":"||g.doubleclick.net/gpt/pubads_impl_","initiatorDomains":["aristeguinoticias.com","hola.com"],"resourceTypes":["script"],"isUrlFilterCaseSensitive":false},"priority":100251},{"id":577,"action":{"type":"allow"},"condition":{"urlFilter":"||g.doubleclick.net/tag/js/gpt.js","initiatorDomains":["aristeguinoticias.com"],"resourceTypes":["script","xmlhttprequest"],"isUrlFilterCaseSensitive":false},"priority":100276},{"id":578,"action":{"type":"allow"},"condition":{"urlFilter":"||imasdk.googleapis.com/js/sdkloader/","initiatorDomains":["mundoprimaria.com","vodgc.net"],"resourceTypes":["script"],"isUrlFilterCaseSensitive":false},"priority":100251},{"id":579,"action":{"type":"allow"},"condition":{"urlFilter":"/comun/js/2014/adfr*.js","domainType":"firstParty","initiatorDomains":["diariosur.es","diariovasco.com","elcomercio.es","elcorreo.com","eldiariomontanes.es","elnortedecastilla.es","hoy.es","ideal.es","larioja.com","lasprovincias.es","leonoticias.com"],"resourceTypes":["script"],"isUrlFilterCaseSensitive":false},"priority":100212},{"id":580,"action":{"type":"allow"},"condition":{"urlFilter":"/elementosWeb/js/ads.js","domainType":"firstParty","initiatorDomains":["diaridegirona.cat","diariodeibiza.es","diariodemallorca.es","diarioinformacion.com","emporda.info","farodevigo.es","laopinion.es","laopinioncoruna.es","laopiniondemalaga.es","laopiniondemurcia.es","laopiniondezamora.es","laprovincia.es","levante-emv.com","mallorcazeitung.es","regio7.cat"],"resourceTypes":["script"],"isUrlFilterCaseSensitive":false},"priority":100209},{"id":581,"action":{"type":"allow"},"condition":{"urlFilter":"/servicios/ads/dfp.js","domainType":"firstParty","initiatorDomains":["diaridegirona.cat","diariodeibiza.es","diariodemallorca.es","diarioinformacion.com","emporda.info","farodevigo.es","laopinion.es","laopinioncoruna.es","laopiniondemalaga.es","laopiniondemurcia.es","laopiniondezamora.es","laprovincia.es","levante-emv.com","mallorcazeitung.es","regio7.cat"],"resourceTypes":["script"],"isUrlFilterCaseSensitive":false},"priority":100209},{"id":582,"action":{"type":"allow"},"condition":{"urlFilter":"||adhandler.kissfmradio.cires21.com/get_link^","initiatorDomains":["kissfm.es"],"resourceTypes":["media"],"isUrlFilterCaseSensitive":false},"priority":100301},{"id":583,"action":{"type":"allow"},"condition":{"urlFilter":"||adpass.atresmedia.com/*/index/*/ad*.js","resourceTypes":["xmlhttprequest"],"isUrlFilterCaseSensitive":false},"priority":100101},{"id":584,"action":{"type":"allow"},"condition":{"urlFilter":"||ads.ampliffy.com/gampad/","initiatorDomains":["videos.cuantarazon.com","videos.humorenserie.com","videos.memedeportes.com","videos.vistoenlasredes.com","videos.vrutal.com"],"isUrlFilterCaseSensitive":false},"priority":100121},{"id":585,"action":{"type":"allow"},"condition":{"urlFilter":"||ak-ads-ns.prisasd.com/prebid/prebid_noticias.js","initiatorDomains":["as.com"],"resourceTypes":["script"],"isUrlFilterCaseSensitive":false},"priority":100301},{"id":586,"action":{"type":"allow"},"condition":{"urlFilter":"||assets.gameallianz.com/api/js/ads/ads.js","initiatorDomains":["gamezhero.com"],"resourceTypes":["script"],"isUrlFilterCaseSensitive":false},"priority":100301},{"id":587,"action":{"type":"allow"},"condition":{"urlFilter":"||comunidadcoto.com.ar/comunidad/resources/publicidad/","resourceTypes":["image"],"isUrlFilterCaseSensitive":false},"priority":100101},{"id":590,"action":{"type":"allow"},"condition":{"urlFilter":"||googletagservices.com/tag/js/gpt.js","initiatorDomains":["videos.cuantarazon.com","videos.humorenserie.com","videos.memedeportes.com","videos.vistoenlasredes.com","videos.vrutal.com"],"isUrlFilterCaseSensitive":false},"priority":100121},{"id":591,"action":{"type":"allow"},"condition":{"urlFilter":"||gvt1.com/videoplayback/","initiatorDomains":["videos.cuantarazon.com","videos.humorenserie.com","videos.memedeportes.com","videos.vistoenlasredes.com","videos.vrutal.com"],"resourceTypes":["media"],"isUrlFilterCaseSensitive":false},"priority":100221},{"id":592,"action":{"type":"allow"},"condition":{"urlFilter":"||imasdk.googleapis.com/js/sdkloader/ima3_debug.js","initiatorDomains":["videos.cuantarazon.com","videos.humorenserie.com","videos.memedeportes.com","videos.vistoenlasredes.com","videos.vrutal.com"],"resourceTypes":["script"],"isUrlFilterCaseSensitive":false},"priority":100221},{"id":593,"action":{"type":"allow"},"condition":{"urlFilter":"||securepubads.g.doubleclick.net/gampad/ads?gdfp_req=1","initiatorDomains":["videos.cuantarazon.com","videos.humorenserie.com","videos.memedeportes.com","videos.vistoenlasredes.com","videos.vrutal.com"],"isUrlFilterCaseSensitive":false},"priority":100121},{"id":594,"action":{"type":"allow"},"condition":{"urlFilter":"||securepubads.g.doubleclick.net/gpt/pubads_impl_*.js","initiatorDomains":["videos.cuantarazon.com","videos.humorenserie.com","videos.memedeportes.com","videos.vistoenlasredes.com","videos.vrutal.com"],"isUrlFilterCaseSensitive":false},"priority":100121},{"id":595,"action":{"type":"allow"},"condition":{"urlFilter":"||securepubads.g.doubleclick.net^","initiatorDomains":["expansion.com"],"resourceTypes":["script"],"isUrlFilterCaseSensitive":false},"priority":100301},{"id":596,"action":{"type":"allow"},"condition":{"urlFilter":"||sscc.edu.ec/wp-content/","isUrlFilterCaseSensitive":false},"priority":100001},{"id":597,"action":{"type":"allow"},"condition":{"urlFilter":"||static.vodgc.net/*/videojs.ads-5.1.5.min.js","initiatorDomains":["api.vodgc.net"],"resourceTypes":["script"],"isUrlFilterCaseSensitive":false},"priority":100301},{"id":599,"action":{"type":"allow"},"condition":{"urlFilter":"||tpc.googlesyndication.com/pageadimg/imgad","initiatorDomains":["videos.cuantarazon.com","videos.humorenserie.com","videos.memedeportes.com","videos.vistoenlasredes.com","videos.vrutal.com"],"resourceTypes":["image","media"],"isUrlFilterCaseSensitive":false},"priority":100196},{"id":600,"action":{"type":"allow"},"condition":{"urlFilter":"||tpc.googlesyndication.com/pimgad/","initiatorDomains":["videos.cuantarazon.com","videos.humorenserie.com","videos.memedeportes.com","videos.vistoenlasredes.com","videos.vrutal.com"],"resourceTypes":["image","media"],"isUrlFilterCaseSensitive":false},"priority":100196},{"id":601,"action":{"type":"allow"},"condition":{"urlFilter":"||tpc.googlesyndication.com^","initiatorDomains":["videos.cuantarazon.com","videos.humorenserie.com","videos.memedeportes.com","videos.vistoenlasredes.com","videos.vrutal.com"],"resourceTypes":["stylesheet","script"],"isUrlFilterCaseSensitive":false},"priority":100196},{"id":602,"action":{"type":"allow"},"condition":{"urlFilter":"||tribunasalamanca.com/ads.html","initiatorDomains":["tribunaavila.com","tribunaburgos.com","tribunaleon.com","tribunapalencia.com","tribunasalamanca.com","tribunasegovia.com","tribunasoria.com","tribunavalladolid.com","tribunazamora.com"],"resourceTypes":["sub_frame"],"isUrlFilterCaseSensitive":false},"priority":100213},{"id":603,"action":{"type":"allow"},"condition":{"urlFilter":"||vast.yashi.com^","initiatorDomains":["vivotvhd.com"],"isUrlFilterCaseSensitive":false},"priority":100201},{"id":604,"action":{"type":"allow"},"condition":{"urlFilter":"||giolandscaping.com/ads/","initiatorDomains":["hentaihd.xyz"],"resourceTypes":["sub_frame"],"isUrlFilterCaseSensitive":false},"priority":100301},{"id":605,"action":{"type":"allow"},"condition":{"urlFilter":"||hentaihd.xyz/ads/","domainType":"firstParty","resourceTypes":["sub_frame"],"isUrlFilterCaseSensitive":false},"priority":100102}]