[{"id":1,"action":{"type":"block"},"condition":{"urlFilter":"||01.creativecdn.com^","isUrlFilterCaseSensitive":false},"priority":1},{"id":2,"action":{"type":"block"},"condition":{"urlFilter":"||2mdn.net^","isUrlFilterCaseSensitive":false},"priority":1},{"id":3,"action":{"type":"block"},"condition":{"urlFilter":"||7w.ro^","isUrlFilterCaseSensitive":false},"priority":1},{"id":4,"action":{"type":"block"},"condition":{"urlFilter":"||ad.dc2.adtech.de^","isUrlFilterCaseSensitive":false},"priority":1},{"id":5,"action":{"type":"block"},"condition":{"urlFilter":"||ad.mox.tv^","isUrlFilterCaseSensitive":false},"priority":1},{"id":6,"action":{"type":"block"},"condition":{"urlFilter":"||ad2.ip.ro^","isUrlFilterCaseSensitive":false},"priority":1},{"id":7,"action":{"type":"block"},"condition":{"urlFilter":"||admonitoring.bsgroup.ro^","isUrlFilterCaseSensitive":false},"priority":1},{"id":8,"action":{"type":"block"},"condition":{"urlFilter":"||adnxs.com^","isUrlFilterCaseSensitive":false},"priority":1},{"id":9,"action":{"type":"block"},"condition":{"urlFilter":"||ado.icorp.ro^","isUrlFilterCaseSensitive":false},"priority":1},{"id":10,"action":{"type":"block"},"condition":{"urlFilter":"||adocean.pl^","isUrlFilterCaseSensitive":false},"priority":1},{"id":11,"action":{"type":"block"},"condition":{"urlFilter":"||ads.tradeads.eu^","isUrlFilterCaseSensitive":false},"priority":1},{"id":12,"action":{"type":"block"},"condition":{"urlFilter":"||ads2.evz.ro^","isUrlFilterCaseSensitive":false},"priority":1},{"id":13,"action":{"type":"block"},"condition":{"urlFilter":"||adservice.google.ro^","isUrlFilterCaseSensitive":false},"priority":1},{"id":14,"action":{"type":"block"},"condition":{"urlFilter":"||adservingfactory.com^","isUrlFilterCaseSensitive":false},"priority":1},{"id":15,"action":{"type":"block"},"condition":{"urlFilter":"||adsymptotic.com^","isUrlFilterCaseSensitive":false},"priority":1},{"id":16,"action":{"type":"block"},"condition":{"urlFilter":"||advertising.oriel.io^","isUrlFilterCaseSensitive":false},"priority":1},{"id":17,"action":{"type":"block"},"condition":{"urlFilter":"||ak.sail-horizon.com^","isUrlFilterCaseSensitive":false},"priority":1},{"id":18,"action":{"type":"block"},"condition":{"urlFilter":"||akamai.smartadserver.com^","isUrlFilterCaseSensitive":false},"priority":1},{"id":19,"action":{"type":"block"},"condition":{"urlFilter":"||app.marketizator.com^","isUrlFilterCaseSensitive":false},"priority":1},{"id":20,"action":{"type":"block"},"condition":{"urlFilter":"||apps.thinkdigital.ro^","isUrlFilterCaseSensitive":false},"priority":1},{"id":21,"action":{"type":"block"},"condition":{"urlFilter":"||bat.bing.com^","isUrlFilterCaseSensitive":false},"priority":1},{"id":22,"action":{"type":"block"},"condition":{"urlFilter":"||bbcdn.ad2.ip.ro","isUrlFilterCaseSensitive":false},"priority":1},{"id":23,"action":{"type":"block"},"condition":{"urlFilter":"||bbcdn.go.adevolution.bbelements.com^","isUrlFilterCaseSensitive":false},"priority":1},{"id":24,"action":{"type":"block"},"condition":{"urlFilter":"||bbcdn.go.cz.bbelements.com^","isUrlFilterCaseSensitive":false},"priority":1},{"id":25,"action":{"type":"block"},"condition":{"urlFilter":"||beacon.s-onetag.com^","isUrlFilterCaseSensitive":false},"priority":1},{"id":26,"action":{"type":"block"},"condition":{"urlFilter":"||bidder.criteo.com^","isUrlFilterCaseSensitive":false},"priority":1},{"id":27,"action":{"type":"block"},"condition":{"urlFilter":"||bidswitch.net^","isUrlFilterCaseSensitive":false},"priority":1},{"id":28,"action":{"type":"block"},"condition":{"urlFilter":"||block.sw1block.com^","isUrlFilterCaseSensitive":false},"priority":1},{"id":29,"action":{"type":"block"},"condition":{"urlFilter":"||brand.ad^","isUrlFilterCaseSensitive":false},"priority":1},{"id":30,"action":{"type":"block"},"condition":{"urlFilter":"||brat-online.ro^","isUrlFilterCaseSensitive":false},"priority":1},{"id":31,"action":{"type":"block"},"condition":{"urlFilter":"||bride.ru^","isUrlFilterCaseSensitive":false},"priority":1},{"id":32,"action":{"type":"block"},"condition":{"urlFilter":"||cdn.omniconvert.com^","isUrlFilterCaseSensitive":false},"priority":1},{"id":33,"action":{"type":"block"},"condition":{"urlFilter":"||cdn.onesignal.com^","isUrlFilterCaseSensitive":false},"priority":1},{"id":34,"action":{"type":"block"},"condition":{"urlFilter":"||cdn.raygun.io^","isUrlFilterCaseSensitive":false},"priority":1},{"id":35,"action":{"type":"block"},"condition":{"urlFilter":"||cdn.sendpulse.com^","isUrlFilterCaseSensitive":false},"priority":1},{"id":36,"action":{"type":"block"},"condition":{"urlFilter":"||cdn.taboola.com^","isUrlFilterCaseSensitive":false},"priority":1},{"id":37,"action":{"type":"block"},"condition":{"urlFilter":"||cdn.teads.tv^","isUrlFilterCaseSensitive":false},"priority":1},{"id":38,"action":{"type":"block"},"condition":{"urlFilter":"||cdnprojectagora.s3.amazonaws.com^","isUrlFilterCaseSensitive":false},"priority":1},{"id":39,"action":{"type":"block"},"condition":{"urlFilter":"||code3.adtlgc.com^","isUrlFilterCaseSensitive":false},"priority":1},{"id":40,"action":{"type":"block"},"condition":{"urlFilter":"||content.ad20.net^","isUrlFilterCaseSensitive":false},"priority":1},{"id":41,"action":{"type":"block"},"condition":{"urlFilter":"||content.adunity.com^","isUrlFilterCaseSensitive":false},"priority":1},{"id":42,"action":{"type":"block"},"condition":{"urlFilter":"||content.zontera.com^","isUrlFilterCaseSensitive":false},"priority":1},{"id":43,"action":{"type":"block"},"condition":{"urlFilter":"||core.ad20.net^","isUrlFilterCaseSensitive":false},"priority":1},{"id":44,"action":{"type":"block"},"condition":{"urlFilter":"||core.adservingfactory.com^","isUrlFilterCaseSensitive":false},"priority":1},{"id":45,"action":{"type":"block"},"condition":{"urlFilter":"||cotatii.tradeville.eu^","isUrlFilterCaseSensitive":false},"priority":1},{"id":46,"action":{"type":"block"},"condition":{"urlFilter":"||ctx.inin.ro^","isUrlFilterCaseSensitive":false},"priority":1},{"id":47,"action":{"type":"block"},"condition":{"urlFilter":"||da.feedsportal.com^","isUrlFilterCaseSensitive":false},"priority":1},{"id":48,"action":{"type":"block"},"condition":{"urlFilter":"||data.tradeville.eu^","isUrlFilterCaseSensitive":false},"priority":1},{"id":49,"action":{"type":"block"},"condition":{"urlFilter":"||digital4ro.adocean.pl^","isUrlFilterCaseSensitive":false},"priority":1},{"id":50,"action":{"type":"block"},"condition":{"urlFilter":"||engageya.com^","isUrlFilterCaseSensitive":false},"priority":1},{"id":51,"action":{"type":"block"},"condition":{"urlFilter":"||etop.ro^","isUrlFilterCaseSensitive":false},"priority":1},{"id":52,"action":{"type":"block"},"condition":{"urlFilter":"||evensys.ro^","domainType":"thirdParty","isUrlFilterCaseSensitive":false},"priority":2},{"id":53,"action":{"type":"block"},"condition":{"urlFilter":"||ewatch.ro^","isUrlFilterCaseSensitive":false},"priority":1},{"id":54,"action":{"type":"block"},"condition":{"urlFilter":"||eyeviewads.com^","isUrlFilterCaseSensitive":false},"priority":1},{"id":55,"action":{"type":"block"},"condition":{"urlFilter":"||farm-ro.plista.com^","isUrlFilterCaseSensitive":false},"priority":1},{"id":56,"action":{"type":"block"},"condition":{"urlFilter":"||feedads.g.doubleclick.net^","isUrlFilterCaseSensitive":false},"priority":1},{"id":57,"action":{"type":"block"},"condition":{"urlFilter":"||files.upscore.com^","isUrlFilterCaseSensitive":false},"priority":1},{"id":58,"action":{"type":"block"},"condition":{"urlFilter":"||flx1.com^","isUrlFilterCaseSensitive":false},"priority":1},{"id":59,"action":{"type":"block"},"condition":{"urlFilter":"||fx.gtop.ro^","isUrlFilterCaseSensitive":false},"priority":1},{"id":60,"action":{"type":"block"},"condition":{"urlFilter":"||gemius.pl^","isUrlFilterCaseSensitive":false},"priority":1},{"id":61,"action":{"type":"block"},"condition":{"urlFilter":"||get.s-onetag.com^","isUrlFilterCaseSensitive":false},"priority":1},{"id":62,"action":{"type":"block"},"condition":{"urlFilter":"||go.netbet.ro^","isUrlFilterCaseSensitive":false},"priority":1},{"id":63,"action":{"type":"block"},"condition":{"urlFilter":"||hit-pool.upscore.com^","isUrlFilterCaseSensitive":false},"priority":1},{"id":64,"action":{"type":"block"},"condition":{"urlFilter":"||ib.adnxs.com^","isUrlFilterCaseSensitive":false},"priority":1},{"id":65,"action":{"type":"block"},"condition":{"urlFilter":"||icorpadro.hit.gemius.pl^","isUrlFilterCaseSensitive":false},"priority":1},{"id":66,"action":{"type":"block"},"condition":{"urlFilter":"||ips-invite.iperceptions.com^","isUrlFilterCaseSensitive":false},"priority":1},{"id":67,"action":{"type":"block"},"condition":{"urlFilter":"||js-agent.newrelic.com^","isUrlFilterCaseSensitive":false},"priority":1},{"id":68,"action":{"type":"block"},"condition":{"urlFilter":"||linkweb.ro^","isUrlFilterCaseSensitive":false},"priority":1},{"id":69,"action":{"type":"block"},"condition":{"urlFilter":"||match.adsrvr.org^","isUrlFilterCaseSensitive":false},"priority":1},{"id":70,"action":{"type":"block"},"condition":{"urlFilter":"||match.taboola.com^","isUrlFilterCaseSensitive":false},"priority":1},{"id":71,"action":{"type":"block"},"condition":{"urlFilter":"||media.leftclick.ro^","isUrlFilterCaseSensitive":false},"priority":1},{"id":72,"action":{"type":"block"},"condition":{"urlFilter":"||megapopads.com^","isUrlFilterCaseSensitive":false},"priority":1},{"id":73,"action":{"type":"block"},"condition":{"urlFilter":"||moatads.com^","isUrlFilterCaseSensitive":false},"priority":1},{"id":74,"action":{"type":"block"},"condition":{"urlFilter":"||new.cetrk.com^","isUrlFilterCaseSensitive":false},"priority":1},{"id":75,"action":{"type":"block"},"condition":{"urlFilter":"||onlinesupaads.com^","isUrlFilterCaseSensitive":false},"priority":1},{"id":76,"action":{"type":"block"},"condition":{"urlFilter":"||p.brid.tv^","isUrlFilterCaseSensitive":false},"priority":1},{"id":77,"action":{"type":"block"},"condition":{"urlFilter":"||pagefair.com^","isUrlFilterCaseSensitive":false},"priority":1},{"id":78,"action":{"type":"block"},"condition":{"urlFilter":"||parsely.com^","isUrlFilterCaseSensitive":false},"priority":1},{"id":79,"action":{"type":"block"},"condition":{"urlFilter":"||pixel.mathtag.com^","isUrlFilterCaseSensitive":false},"priority":1},{"id":80,"action":{"type":"block"},"condition":{"urlFilter":"||polyfill.io^","isUrlFilterCaseSensitive":false},"priority":1},{"id":81,"action":{"type":"block"},"condition":{"urlFilter":"||prod.webpu.sh^","isUrlFilterCaseSensitive":false},"priority":1},{"id":82,"action":{"type":"block"},"condition":{"urlFilter":"||profiling.avandor.com^","isUrlFilterCaseSensitive":false},"priority":1},{"id":83,"action":{"type":"block"},"condition":{"urlFilter":"||projectagora.s3.amazonaws.com","isUrlFilterCaseSensitive":false},"priority":1},{"id":84,"action":{"type":"block"},"condition":{"urlFilter":"||projectagoralibs.com^","isUrlFilterCaseSensitive":false},"priority":1},{"id":85,"action":{"type":"block"},"condition":{"urlFilter":"||projectagoratech.com^","isUrlFilterCaseSensitive":false},"priority":1},{"id":86,"action":{"type":"block"},"condition":{"urlFilter":"||psd.marketing^","isUrlFilterCaseSensitive":false},"priority":1},{"id":87,"action":{"type":"block"},"condition":{"urlFilter":"||realitatero.adocean.pl^","isUrlFilterCaseSensitive":false},"priority":1},{"id":88,"action":{"type":"block"},"condition":{"urlFilter":"||recs.engageya.com^","isUrlFilterCaseSensitive":false},"priority":1},{"id":89,"action":{"type":"block"},"condition":{"urlFilter":"||retargeting-data.eu^","isUrlFilterCaseSensitive":false},"priority":1},{"id":90,"action":{"type":"block"},"condition":{"urlFilter":"||revsci.net^","isUrlFilterCaseSensitive":false},"priority":1},{"id":91,"action":{"type":"block"},"condition":{"urlFilter":"||ro.adocean.pl^","isUrlFilterCaseSensitive":false},"priority":1},{"id":92,"action":{"type":"block"},"condition":{"urlFilter":"||ro.noprimetime.com^","isUrlFilterCaseSensitive":false},"priority":1},{"id":93,"action":{"type":"block"},"condition":{"urlFilter":"||ro.search.etargetnet.com","isUrlFilterCaseSensitive":false},"priority":1},{"id":94,"action":{"type":"block"},"condition":{"urlFilter":"||rt.awstaticdn.net^","isUrlFilterCaseSensitive":false},"priority":1},{"id":95,"action":{"type":"block"},"condition":{"urlFilter":"||s.atemda.com^","isUrlFilterCaseSensitive":false},"priority":1},{"id":96,"action":{"type":"block"},"condition":{"urlFilter":"||s.vi-serve.com^","isUrlFilterCaseSensitive":false},"priority":1},{"id":97,"action":{"type":"block"},"condition":{"urlFilter":"||sb.scorecardresearch.com^","isUrlFilterCaseSensitive":false},"priority":1},{"id":98,"action":{"type":"block"},"condition":{"urlFilter":"||scomcluster.cxense.com^","isUrlFilterCaseSensitive":false},"priority":1},{"id":99,"action":{"type":"block"},"condition":{"urlFilter":"||serving-sys.com^","isUrlFilterCaseSensitive":false},"priority":1},{"id":100,"action":{"type":"block"},"condition":{"urlFilter":"||smartadserver.com^","isUrlFilterCaseSensitive":false},"priority":1},{"id":101,"action":{"type":"block"},"condition":{"urlFilter":"||squeakzinc.com^","isUrlFilterCaseSensitive":false},"priority":1},{"id":102,"action":{"type":"block"},"condition":{"urlFilter":"||st.ad.adnow.com^","isUrlFilterCaseSensitive":false},"priority":1},{"id":103,"action":{"type":"block"},"condition":{"urlFilter":"||static.chartbeat.com^","isUrlFilterCaseSensitive":false},"priority":1},{"id":104,"action":{"type":"block"},"condition":{"urlFilter":"||static.criteo.net^","isUrlFilterCaseSensitive":false},"priority":1},{"id":105,"action":{"type":"block"},"condition":{"urlFilter":"||st-n.ads1-adnow.com^","isUrlFilterCaseSensitive":false},"priority":1},{"id":106,"action":{"type":"block"},"condition":{"urlFilter":"||st-n.pc1ads.com^","isUrlFilterCaseSensitive":false},"priority":1},{"id":107,"action":{"type":"block"},"condition":{"urlFilter":"||storage.trafic.ro^","isUrlFilterCaseSensitive":false},"priority":1},{"id":108,"action":{"type":"block"},"condition":{"urlFilter":"||sync.teads.tv^","isUrlFilterCaseSensitive":false},"priority":1},{"id":109,"action":{"type":"block"},"condition":{"urlFilter":"||t00t2.com^","isUrlFilterCaseSensitive":false},"priority":1},{"id":110,"action":{"type":"block"},"condition":{"urlFilter":"||tags.bkrtx.com^","isUrlFilterCaseSensitive":false},"priority":1},{"id":111,"action":{"type":"block"},"condition":{"urlFilter":"||tags.crwdcntrl.net^","isUrlFilterCaseSensitive":false},"priority":1},{"id":112,"action":{"type":"block"},"condition":{"urlFilter":"||tinypass.com^","isUrlFilterCaseSensitive":false},"priority":1},{"id":113,"action":{"type":"block"},"condition":{"urlFilter":"||tynt.com","isUrlFilterCaseSensitive":false},"priority":1},{"id":114,"action":{"type":"block"},"condition":{"urlFilter":"||u.heatmap.it^","isUrlFilterCaseSensitive":false},"priority":1},{"id":115,"action":{"type":"block"},"condition":{"urlFilter":"||worldgravity.com^","isUrlFilterCaseSensitive":false},"priority":1},{"id":116,"action":{"type":"block"},"condition":{"urlFilter":"||zontera.com^","isUrlFilterCaseSensitive":false},"priority":1},{"id":117,"action":{"type":"block"},"condition":{"urlFilter":"||zopim.com^","isUrlFilterCaseSensitive":false},"priority":1},{"id":118,"action":{"type":"block"},"condition":{"urlFilter":"||arbocontext.ro^","isUrlFilterCaseSensitive":false},"priority":1},{"id":119,"action":{"type":"block"},"condition":{"urlFilter":"||einformatii.ro/content/website","isUrlFilterCaseSensitive":false},"priority":1},{"id":120,"action":{"type":"block"},"condition":{"urlFilter":"||img.2parale.ro/system/paperclip/banner_pictures","isUrlFilterCaseSensitive":false},"priority":1},{"id":121,"action":{"type":"block"},"condition":{"urlFilter":"/ads/*","isUrlFilterCaseSensitive":false},"priority":1},{"id":122,"action":{"type":"block"},"condition":{"urlFilter":"/bannere/*","isUrlFilterCaseSensitive":false},"priority":1},{"id":123,"action":{"type":"block"},"condition":{"urlFilter":"/reclama/*","isUrlFilterCaseSensitive":false},"priority":1},{"id":124,"action":{"type":"block"},"condition":{"urlFilter":"/reclame/*","isUrlFilterCaseSensitive":false},"priority":1},{"id":125,"action":{"type":"block"},"condition":{"urlFilter":"/simple-pull-quote/*","isUrlFilterCaseSensitive":false},"priority":1},{"id":126,"action":{"type":"block"},"condition":{"urlFilter":"/plugins/convertplug/*","isUrlFilterCaseSensitive":false},"priority":1},{"id":127,"action":{"type":"allow"},"condition":{"urlFilter":"||googletagmanager.com/gtm.js?id=GTM-TKS335","initiatorDomains":["emag.ro"],"resourceTypes":["script"],"isUrlFilterCaseSensitive":false},"priority":100301},{"id":128,"action":{"type":"allow"},"condition":{"urlFilter":"||grgs.ro/1/i/icons/favicon.ico","initiatorDomains":["www.pcgarage.ro"],"resourceTypes":["image"],"isUrlFilterCaseSensitive":false},"priority":100301},{"id":129,"action":{"type":"allow"},"condition":{"urlFilter":"||homebank.ro^","domainType":"firstParty","isUrlFilterCaseSensitive":false},"priority":100002},{"id":131,"action":{"type":"allow"},"condition":{"urlFilter":"||imasdk.googleapis.com/js/sdkloader/*","initiatorDomains":["observator.tv"],"isUrlFilterCaseSensitive":false},"priority":100201},{"id":132,"action":{"type":"allow"},"condition":{"urlFilter":"||lumea-luminilor.ro/promotii*","isUrlFilterCaseSensitive":false},"priority":100001},{"id":133,"action":{"type":"allow"},"condition":{"urlFilter":"||olx.ro/i2/ajax/ad/getcontact/*","isUrlFilterCaseSensitive":false},"priority":100001},{"id":134,"action":{"type":"allow"},"condition":{"urlFilter":"||profitshare.emag.ro/get_ads.php?*","isUrlFilterCaseSensitive":false},"priority":100001},{"id":135,"action":{"type":"allow"},"condition":{"urlFilter":"||profitshare.ro/get_ads.php?*","isUrlFilterCaseSensitive":false},"priority":100001},{"id":136,"action":{"type":"allow"},"condition":{"urlFilter":"||rezitests.ro/advertisement.js","isUrlFilterCaseSensitive":false},"priority":100001},{"id":137,"action":{"type":"allow"},"condition":{"urlFilter":"||s1emagst.akamaized.net/layout/all/js/showads.js","initiatorDomains":["emag.ro"],"resourceTypes":["script"],"isUrlFilterCaseSensitive":false},"priority":100301},{"id":138,"action":{"type":"allow"},"condition":{"urlFilter":"||static-olxeu.akamaized.net/static/olxro/naspersclassifieds-regional/olxeu-atlas-web-olxro/static/img/favicon.ico?v=4","initiatorDomains":["www.olx.ro"],"resourceTypes":["image"],"isUrlFilterCaseSensitive":false},"priority":100301},{"id":139,"action":{"type":"allow"},"condition":{"urlFilter":"AC_RunActiveContent.js","isUrlFilterCaseSensitive":false},"priority":100001},{"id":140,"action":{"type":"block"},"condition":{"urlFilter":"||7iasi.ro/wp-content/uploads/pub/2023/Marius_b.png","resourceTypes":["image"],"isUrlFilterCaseSensitive":false},"priority":101},{"id":141,"action":{"type":"block"},"condition":{"urlFilter":"||agerpres.ro/agerpres/BannerFetch*","isUrlFilterCaseSensitive":false},"priority":1},{"id":142,"action":{"type":"block"},"condition":{"urlFilter":"||ajax.cloudflare.com/cdn-cgi/nexp/dok3v=088620b277/cloudflare.min.js","initiatorDomains":["vocea.biz"],"resourceTypes":["script"],"isUrlFilterCaseSensitive":false},"priority":301},{"id":143,"action":{"type":"block"},"condition":{"urlFilter":"||alba24.ro/wp-content/uploads/2022/04/211220-Banner_Pema_300x300px-01.jpg","resourceTypes":["image"],"isUrlFilterCaseSensitive":false},"priority":101},{"id":144,"action":{"type":"block"},"condition":{"urlFilter":"||alba24.ro/wp-content/uploads/2022/10/reclama-albacons.jpg","resourceTypes":["image"],"isUrlFilterCaseSensitive":false},"priority":101},{"id":145,"action":{"type":"block"},"condition":{"urlFilter":"||alba24.ro/wp-content/uploads/2023/01/210331-Banner_VCST_300x250px-01.jpg","resourceTypes":["image"],"isUrlFilterCaseSensitive":false},"priority":101},{"id":146,"action":{"type":"block"},"condition":{"urlFilter":"||b1.ro/media/*","resourceTypes":["image","object"],"isUrlFilterCaseSensitive":false},"priority":76},{"id":147,"action":{"type":"block"},"condition":{"urlFilter":"||b1.ro/static/caldoprivatsecurity_","isUrlFilterCaseSensitive":false},"priority":1},{"id":148,"action":{"type":"block"},"condition":{"urlFilter":"||baiamare24.ro/wp-content/uploads/2019/11/rentcar.jpg","resourceTypes":["image"],"isUrlFilterCaseSensitive":false},"priority":101},{"id":149,"action":{"type":"block"},"condition":{"urlFilter":"||bestmusic.ro/external/banners/*","isUrlFilterCaseSensitive":false},"priority":1},{"id":150,"action":{"type":"block"},"condition":{"urlFilter":"||bizbrasov.ro/wp-content/plugins/gdpr-cookie-compliance/dist/images/gdpr-logo.png","resourceTypes":["image"],"isUrlFilterCaseSensitive":false},"priority":101},{"id":151,"action":{"type":"block"},"condition":{"urlFilter":"||botosaninews.ro/wp-content/uploads/20*/banner-*","resourceTypes":["image"],"isUrlFilterCaseSensitive":false},"priority":101},{"id":152,"action":{"type":"block"},"condition":{"urlFilter":"||brasov.net/wp-content/uploads/2022/02/goldis-ad-1.mp4","isUrlFilterCaseSensitive":false},"priority":1},{"id":153,"action":{"type":"block"},"condition":{"urlFilter":"||bursa.ro/__v1/_img/mediap/banere/*","isUrlFilterCaseSensitive":false},"priority":1},{"id":154,"action":{"type":"block"},"condition":{"urlFilter":"||bursa.ro/__v1/_img/mediar/_business_card/_business_card_300.jpg","resourceTypes":["image"],"isUrlFilterCaseSensitive":false},"priority":101},{"id":155,"action":{"type":"block"},"condition":{"urlFilter":"||bursa.ro/__v1/_img/mediar/apanova_2020_5_sigur_e_simplu.jpg","resourceTypes":["image"],"isUrlFilterCaseSensitive":false},"priority":101},{"id":156,"action":{"type":"block"},"condition":{"urlFilter":"||bursa.ro/__v1/_img/mediar/btpay_2019.jpg","resourceTypes":["image"],"isUrlFilterCaseSensitive":false},"priority":101},{"id":157,"action":{"type":"block"},"condition":{"urlFilter":"||bursa.ro/__v1/_img/mediar/dtlawyers_2019.jpg","resourceTypes":["image"],"isUrlFilterCaseSensitive":false},"priority":101},{"id":158,"action":{"type":"block"},"condition":{"urlFilter":"||bursa.ro/__v1/_img/mediar/paginiaurii_2020.jpg","resourceTypes":["image"],"isUrlFilterCaseSensitive":false},"priority":101},{"id":159,"action":{"type":"block"},"condition":{"urlFilter":"||bursa.ro/__v1/_img/mediar/tnb_1_2020.jpg","resourceTypes":["image"],"isUrlFilterCaseSensitive":false},"priority":101},{"id":160,"action":{"type":"block"},"condition":{"urlFilter":"||buzoienii.ro/wp-content/uploads/2023/12/WhatsApp-Image-2023-03-16-at-08.42.09.jpg","resourceTypes":["image"],"isUrlFilterCaseSensitive":false},"priority":101},{"id":161,"action":{"type":"block"},"condition":{"urlFilter":"||buzoienii.ro/wp-content/uploads/2024/02/Imagine-WhatsApp-2024-02-20-la-09.52.35_1e9fda85-1024x777.jpg","resourceTypes":["image"],"isUrlFilterCaseSensitive":false},"priority":101},{"id":162,"action":{"type":"block"},"condition":{"urlFilter":"||bzi.ro/public/js/*","isUrlFilterCaseSensitive":false},"priority":1},{"id":163,"action":{"type":"block"},"condition":{"urlFilter":"||capital.ro/js/scripts.js?*","isUrlFilterCaseSensitive":false},"priority":1},{"id":164,"action":{"type":"block"},"condition":{"urlFilter":"||cdn.knd.ro/media/521/common/placeholders/insula/bg-16x9.webp","resourceTypes":["image"],"isUrlFilterCaseSensitive":false},"priority":101},{"id":165,"action":{"type":"block"},"condition":{"urlFilter":"||cdn.slots.baxter.olx.org/autovit/_assets/image/placeholder_1140x300.png","resourceTypes":["image"],"isUrlFilterCaseSensitive":false},"priority":101},{"id":166,"action":{"type":"block"},"condition":{"urlFilter":"||cdn.slots.baxter.olx.org/autovit/_assets/video/autovit_content_video.mp4","resourceTypes":["media"],"isUrlFilterCaseSensitive":false},"priority":101},{"id":167,"action":{"type":"block"},"condition":{"urlFilter":"||chestionare-az.ro/wp-content/uploads/2023/01/3.jpg","resourceTypes":["image"],"isUrlFilterCaseSensitive":false},"priority":101},{"id":168,"action":{"type":"block"},"condition":{"urlFilter":"||clubferoviar.ro/wp-content/uploads/2022/02/novatex-banner-homepage.jpg","resourceTypes":["image"],"isUrlFilterCaseSensitive":false},"priority":101},{"id":169,"action":{"type":"block"},"condition":{"urlFilter":"||clujust.ro/wp-content/uploads/2015/11/Banner-300-250-CBP.jpg","resourceTypes":["image"],"isUrlFilterCaseSensitive":false},"priority":101},{"id":170,"action":{"type":"block"},"condition":{"urlFilter":"||clujust.ro/wp-content/uploads/2016/04/banner-800x100-px-coratim.jpg","resourceTypes":["image"],"isUrlFilterCaseSensitive":false},"priority":101},{"id":171,"action":{"type":"block"},"condition":{"urlFilter":"||clujust.ro/wp-content/uploads/2016/05/bannere-online-01-cantemir.jpg","resourceTypes":["image"],"isUrlFilterCaseSensitive":false},"priority":101},{"id":172,"action":{"type":"block"},"condition":{"urlFilter":"||clujust.ro/wp-content/uploads/2016/07/ebs-cluj-just-800x100.jpg","resourceTypes":["image"],"isUrlFilterCaseSensitive":false},"priority":101},{"id":173,"action":{"type":"block"},"condition":{"urlFilter":"||clujust.ro/wp-content/uploads/2016/08/300x-600-px-clujust.jpg","resourceTypes":["image"],"isUrlFilterCaseSensitive":false},"priority":101},{"id":174,"action":{"type":"block"},"condition":{"urlFilter":"||desteptarea.ro/wp-content/uploads/2018/01/banner.jpg","resourceTypes":["image"],"isUrlFilterCaseSensitive":false},"priority":101},{"id":175,"action":{"type":"block"},"condition":{"urlFilter":"||desteptarea.ro/wp-content/uploads/2018/04/1000x200.jpg","resourceTypes":["image"],"isUrlFilterCaseSensitive":false},"priority":101},{"id":176,"action":{"type":"block"},"condition":{"urlFilter":"||ejobs.ro/3rdparty/wall_street/wall_street.js","isUrlFilterCaseSensitive":false},"priority":1},{"id":177,"action":{"type":"block"},"condition":{"urlFilter":"||europafm.ro/wp-content/uploads/2017/09/telekom-Sea-Hero.jpg","resourceTypes":["image"],"isUrlFilterCaseSensitive":false},"priority":101},{"id":178,"action":{"type":"block"},"condition":{"urlFilter":"||europafm.ro/wp-content/uploads/2020/02/C74DAC01-C761-42A8-9E8B-5A7C53447749.jpeg","resourceTypes":["image"],"isUrlFilterCaseSensitive":false},"priority":101},{"id":179,"action":{"type":"block"},"condition":{"urlFilter":"||europafm.ro/wp-content/uploads/2020/03/lidl_desktop_1920x1080.jpg","resourceTypes":["image"],"isUrlFilterCaseSensitive":false},"priority":101},{"id":180,"action":{"type":"block"},"condition":{"urlFilter":"||gsp.ro/usr/widgets/289399/superbet-ucl.jpg","resourceTypes":["image"],"isUrlFilterCaseSensitive":false},"priority":101},{"id":181,"action":{"type":"block"},"condition":{"urlFilter":"||http://s1.olx.ro/static/olxro/naspersclassifieds-regional/olxeu-atlas-web/static/js/advertising.js","isUrlFilterCaseSensitive":false},"priority":1},{"id":182,"action":{"type":"block"},"condition":{"urlFilter":"||https://cdn.sibiu100.ro/wp-content/uploads/2021/10/1178x230_angajari_Turnul_Sibiu100.png","isUrlFilterCaseSensitive":false},"priority":1},{"id":183,"action":{"type":"block"},"condition":{"urlFilter":"||https://cdn.sibiu100.ro/wp-content/uploads/2021/10/bestcreditifn.gif","isUrlFilterCaseSensitive":false},"priority":1},{"id":184,"action":{"type":"block"},"condition":{"urlFilter":"||i*.wp.com/bookzone.ro/upload/altele/cronici/*.jpg","resourceTypes":["image"],"isUrlFilterCaseSensitive":false},"priority":101},{"id":185,"action":{"type":"block"},"condition":{"urlFilter":"||imagini.lege5.ro:444/Ajax/GetBannersImages","resourceTypes":["image"],"isUrlFilterCaseSensitive":false},"priority":101},{"id":186,"action":{"type":"block"},"condition":{"urlFilter":"||img.wall-street.ro/images/common/","isUrlFilterCaseSensitive":false},"priority":1},{"id":187,"action":{"type":"block"},"condition":{"urlFilter":"||informatiata.ro/wp-content/uploads/2020/11/Banner-final-informatiata.ro_-1.png","resourceTypes":["image"],"isUrlFilterCaseSensitive":false},"priority":101},{"id":188,"action":{"type":"block"},"condition":{"urlFilter":"||informatiata.ro/wp-content/uploads/2023/01/Vinul-BUN-OK.png","resourceTypes":["image"],"isUrlFilterCaseSensitive":false},"priority":101},{"id":189,"action":{"type":"block"},"condition":{"urlFilter":"||informatiata.ro/wp-content/uploads/2023/03/FACOS-Banner-Moniturul-650x150-pixeli-2.gif","resourceTypes":["image"],"isUrlFilterCaseSensitive":false},"priority":101},{"id":190,"action":{"type":"block"},"condition":{"urlFilter":"||informatiata.ro/wp-content/uploads/2023/04/Baner-1200-x-180.jpg","resourceTypes":["image"],"isUrlFilterCaseSensitive":false},"priority":101},{"id":191,"action":{"type":"block"},"condition":{"urlFilter":"||informatiata.ro/wp-content/uploads/2023/06/FCOS.gif","resourceTypes":["image"],"isUrlFilterCaseSensitive":false},"priority":101},{"id":192,"action":{"type":"block"},"condition":{"urlFilter":"||informatiata.ro/wp-content/uploads/2023/06/SAVCOM-8.gif","resourceTypes":["image"],"isUrlFilterCaseSensitive":false},"priority":101},{"id":193,"action":{"type":"block"},"condition":{"urlFilter":"||iqads.ro/upcoming/*","isUrlFilterCaseSensitive":false},"priority":1},{"id":194,"action":{"type":"block"},"condition":{"urlFilter":"||jurnalul.ro/usr/casete/","isUrlFilterCaseSensitive":false},"priority":1},{"id":195,"action":{"type":"block"},"condition":{"urlFilter":"||l.yimg.com/g/images/spaceball.gif","isUrlFilterCaseSensitive":false},"priority":1},{"id":196,"action":{"type":"block"},"condition":{"urlFilter":"||libertatea.ro/usr/casete/","isUrlFilterCaseSensitive":false},"priority":1},{"id":197,"action":{"type":"block"},"condition":{"urlFilter":"||m.adevarul.ro/sites/adevarul.ro/ui/css/netflix.css","isUrlFilterCaseSensitive":false},"priority":1},{"id":198,"action":{"type":"block"},"condition":{"urlFilter":"||media.hotnews.ro/media_server1/image-2010-03-18-7044595-0-comunicat-presa.jpg","isUrlFilterCaseSensitive":false},"priority":1},{"id":199,"action":{"type":"block"},"condition":{"urlFilter":"||media.hotnews.ro/media_server1/image-2013-01-8-13964838-0-2013-siveco-stanga.jpg","resourceTypes":["image"],"isUrlFilterCaseSensitive":false},"priority":101},{"id":200,"action":{"type":"block"},"condition":{"urlFilter":"||media.hotnews.ro/media_server1/image-2015-12-4-20641634-0-paravion-londra-4-dec.jpg","resourceTypes":["image"],"isUrlFilterCaseSensitive":false},"priority":101},{"id":201,"action":{"type":"block"},"condition":{"urlFilter":"||media.hotnews.ro/media_server1/image-2016-04-11-20928782-0-timbru-lidl.jpg","resourceTypes":["image"],"isUrlFilterCaseSensitive":false},"priority":101},{"id":202,"action":{"type":"block"},"condition":{"urlFilter":"||media.hotnews.ro/media_server1/image-2016-09-13-21286827-0-fakepath-brd.png","resourceTypes":["image"],"isUrlFilterCaseSensitive":false},"priority":101},{"id":203,"action":{"type":"block"},"condition":{"urlFilter":"||media.hotnews.ro/media_server1/image-2016-09-13-21286832-0-bit.jpg","resourceTypes":["image"],"isUrlFilterCaseSensitive":false},"priority":101},{"id":204,"action":{"type":"block"},"condition":{"urlFilter":"||media.hotnews.ro/media_server1/image-2016-10-6-21335901-0-timbru-arpim.jpg","resourceTypes":["image"],"isUrlFilterCaseSensitive":false},"priority":101},{"id":205,"action":{"type":"block"},"condition":{"urlFilter":"||media.hotnews.ro/media_server1/image-2017-02-20-21622336-0-buchete-flori.jpg","resourceTypes":["image"],"isUrlFilterCaseSensitive":false},"priority":101},{"id":206,"action":{"type":"block"},"condition":{"urlFilter":"||mediafax.ro/sanador","resourceTypes":["sub_frame"],"isUrlFilterCaseSensitive":false},"priority":101},{"id":207,"action":{"type":"block"},"condition":{"urlFilter":"||mediaflux.ro/wp-content/uploads/*/banner*","resourceTypes":["image"],"isUrlFilterCaseSensitive":false},"priority":101},{"id":208,"action":{"type":"block"},"condition":{"urlFilter":"||newsbv.ro/wp-content/uploads/2022/06/CORESI_NEWSBVRO.jpg","resourceTypes":["image"],"isUrlFilterCaseSensitive":false},"priority":101},{"id":209,"action":{"type":"block"},"condition":{"urlFilter":"||newsonline.ro/wp-content/uploads/2020/10/banner-300x600-1.jpg","resourceTypes":["image"],"isUrlFilterCaseSensitive":false},"priority":101},{"id":210,"action":{"type":"block"},"condition":{"urlFilter":"||nosteam.ro/js/common.lib.js","isUrlFilterCaseSensitive":false},"priority":1},{"id":211,"action":{"type":"block"},"condition":{"urlFilter":"||nosteam.ro/js/jquery.min.25-t1.js","isUrlFilterCaseSensitive":false},"priority":1},{"id":212,"action":{"type":"block"},"condition":{"urlFilter":"||nosteam.ro/Themes/*alph21","resourceTypes":["script"],"isUrlFilterCaseSensitive":false},"priority":101},{"id":213,"action":{"type":"block"},"condition":{"urlFilter":"||paginademedia.ro/wp-content/uploads/2019/05/doneaza_paginamedia.jpg","isUrlFilterCaseSensitive":false},"priority":1},{"id":214,"action":{"type":"block"},"condition":{"urlFilter":"||paginiaurii.ro.dev2.fcrtech.cz/SearchWidget/","resourceTypes":["sub_frame"],"isUrlFilterCaseSensitive":false},"priority":101},{"id":215,"action":{"type":"block"},"condition":{"urlFilter":"||presasm.ro/wp-content/uploads/2023/02/SB-lat.png","resourceTypes":["image"],"isUrlFilterCaseSensitive":false},"priority":101},{"id":216,"action":{"type":"block"},"condition":{"urlFilter":"||presasm.ro/wp-content/uploads/2023/04/dendiarom-desktop.gif","resourceTypes":["image"],"isUrlFilterCaseSensitive":false},"priority":101},{"id":217,"action":{"type":"block"},"condition":{"urlFilter":"||presasm.ro/wp-content/uploads/2023/05/makra-funerarii-satu-mare-ady-endre.jpg","resourceTypes":["image"],"isUrlFilterCaseSensitive":false},"priority":101},{"id":218,"action":{"type":"block"},"condition":{"urlFilter":"||presasm.ro/wp-content/uploads/2023/06/shopping-city-satu-mare.gif","resourceTypes":["image"],"isUrlFilterCaseSensitive":false},"priority":101},{"id":219,"action":{"type":"block"},"condition":{"urlFilter":"||priceexpert.com/detect.js","isUrlFilterCaseSensitive":false},"priority":1},{"id":220,"action":{"type":"block"},"condition":{"urlFilter":"||profitshare.ro/j/jXY","isUrlFilterCaseSensitive":false},"priority":1},{"id":221,"action":{"type":"block"},"condition":{"urlFilter":"||psnews.ro/wp-content/uploads/2020/05/300x600.gif","resourceTypes":["image"],"isUrlFilterCaseSensitive":false},"priority":101},{"id":222,"action":{"type":"block"},"condition":{"urlFilter":"||reportervirtual.ro/wp-content/plugins/facebook-page-promoter-lightbox-premium/*","isUrlFilterCaseSensitive":false},"priority":1},{"id":223,"action":{"type":"block"},"condition":{"urlFilter":"||res3.feedsportal.com/images/","isUrlFilterCaseSensitive":false},"priority":1},{"id":224,"action":{"type":"block"},"condition":{"urlFilter":"||romanialibera.ro/images/2banda%20green%20city%20980x50.swf","isUrlFilterCaseSensitive":false},"priority":1},{"id":225,"action":{"type":"block"},"condition":{"urlFilter":"||romanialibera.ro/img/banner_280x250_2.gif","resourceTypes":["image"],"isUrlFilterCaseSensitive":false},"priority":101},{"id":226,"action":{"type":"block"},"condition":{"urlFilter":"||romanialibera.ro/js/adblock.js","isUrlFilterCaseSensitive":false},"priority":1},{"id":227,"action":{"type":"block"},"condition":{"urlFilter":"||smartdreamers.ro/embed/jobs/","resourceTypes":["sub_frame"],"isUrlFilterCaseSensitive":false},"priority":101},{"id":228,"action":{"type":"block"},"condition":{"urlFilter":"||spotmedia.ro/wp-content/uploads/ads-placeholders/adzone-citizen-290-590.jpg","resourceTypes":["image"],"isUrlFilterCaseSensitive":false},"priority":101},{"id":229,"action":{"type":"block"},"condition":{"urlFilter":"||spotmedia.ro/wp-content/uploads/ads-placeholders/adzone-citizen-960-240.jpg","resourceTypes":["image"],"isUrlFilterCaseSensitive":false},"priority":101},{"id":230,"action":{"type":"block"},"condition":{"urlFilter":"||spotmedia.ro/wp-content/uploads/ads-placeholders/adzone-digital-shift-290-590.jpg","resourceTypes":["image"],"isUrlFilterCaseSensitive":false},"priority":101},{"id":231,"action":{"type":"block"},"condition":{"urlFilter":"||startupcafe.ro/images/startupcafe/resurse-img.jpg","resourceTypes":["image"],"isUrlFilterCaseSensitive":false},"priority":101},{"id":232,"action":{"type":"block"},"condition":{"urlFilter":"||stiripesurse.ro/assets/img/ads_img*","isUrlFilterCaseSensitive":false},"priority":1},{"id":233,"action":{"type":"block"},"condition":{"urlFilter":"||storage0.dms.mpinteractiv.ro/media/401/781/37246/18151859/3/zf-bankers-2024-300x250.jpg","resourceTypes":["image"],"isUrlFilterCaseSensitive":false},"priority":101},{"id":234,"action":{"type":"block"},"condition":{"urlFilter":"||subs.ro/layout/img/head_xs.png","isUrlFilterCaseSensitive":false},"priority":1},{"id":235,"action":{"type":"block"},"condition":{"urlFilter":"||tion.ro/wp-content/uploads/2022/08/1368285TITsept2022490x300.jpg","resourceTypes":["image"],"isUrlFilterCaseSensitive":false},"priority":101},{"id":236,"action":{"type":"block"},"condition":{"urlFilter":"||universul.net/wp-content/uploads/2020/06/banner_articol.jpg","isUrlFilterCaseSensitive":false},"priority":1},{"id":237,"action":{"type":"block"},"condition":{"urlFilter":"||vocea.biz/wp-admin/admin-ajax.php","isUrlFilterCaseSensitive":false},"priority":1},{"id":238,"action":{"type":"block"},"condition":{"urlFilter":"||web3.protv.ro/assets/protv/widgets/newsletter.swf?","isUrlFilterCaseSensitive":false},"priority":1},{"id":239,"action":{"type":"block"},"condition":{"urlFilter":"||zdbc.ro/wp-content/uploads/2018/04/output_*.gif","resourceTypes":["image"],"isUrlFilterCaseSensitive":false},"priority":101},{"id":240,"action":{"type":"block"},"condition":{"urlFilter":"||zdbc.ro/wp-content/uploads/2018/06/Ub_baner-360x600.gif","resourceTypes":["image"],"isUrlFilterCaseSensitive":false},"priority":101},{"id":241,"action":{"type":"block"},"condition":{"urlFilter":"||zdbc.ro/wp-content/uploads/2019/10/aeroporbacautreclama.gif","isUrlFilterCaseSensitive":false},"priority":1},{"id":242,"action":{"type":"block"},"condition":{"urlFilter":"||zf.ro/images/15-minute-cu-un-antreprenor/banner-desktop.jpg","resourceTypes":["image"],"isUrlFilterCaseSensitive":false},"priority":101},{"id":243,"action":{"type":"block"},"condition":{"urlFilter":"||zf.ro/images/anuar-atlas-bm/banner-interior-v2.jpg","resourceTypes":["image"],"isUrlFilterCaseSensitive":false},"priority":101},{"id":244,"action":{"type":"block"},"condition":{"urlFilter":"||zf.ro/images/anuar-atlas-bm/banner-sidebar-*","resourceTypes":["image"],"isUrlFilterCaseSensitive":false},"priority":101},{"id":245,"action":{"type":"block"},"condition":{"urlFilter":"||zf.ro/images/banners/power-summit-2022-interior.jpg","resourceTypes":["image"],"isUrlFilterCaseSensitive":false},"priority":101},{"id":246,"action":{"type":"block"},"condition":{"urlFilter":"||zf.ro/images/banners/zf-bankers.jpg","resourceTypes":["image"],"isUrlFilterCaseSensitive":false},"priority":101},{"id":247,"action":{"type":"block"},"condition":{"urlFilter":"||zf.ro/images/banners/zf-pharma-sidebar-v1.gif","resourceTypes":["image"],"isUrlFilterCaseSensitive":false},"priority":101},{"id":248,"action":{"type":"block"},"condition":{"urlFilter":"||zf.ro/images/orange/zf_live_2023_orange_footer.jpg","resourceTypes":["image"],"isUrlFilterCaseSensitive":false},"priority":101},{"id":249,"action":{"type":"block"},"condition":{"urlFilter":"||zf.ro/images/supliment-zf-branduri-romanesti/banner-v2.jpg","resourceTypes":["image"],"isUrlFilterCaseSensitive":false},"priority":101},{"id":250,"action":{"type":"block"},"condition":{"urlFilter":"||ziarulamprenta.ro/wp-content/uploads/2020/07/banner-zen-residence-760px.png","resourceTypes":["image"],"isUrlFilterCaseSensitive":false},"priority":101},{"id":251,"action":{"type":"block"},"condition":{"urlFilter":"||ziarulamprenta.ro/wp-content/uploads/2021/05/Energia-Residence-728px-v2.jpg","resourceTypes":["image"],"isUrlFilterCaseSensitive":false},"priority":101},{"id":252,"action":{"type":"block"},"condition":{"urlFilter":"||ziarulamprenta.ro/wp-content/uploads/2021/05/Energia-Residence-v3-final*.jpg","resourceTypes":["image"],"isUrlFilterCaseSensitive":false},"priority":101},{"id":253,"action":{"type":"block"},"condition":{"urlFilter":"||ziuaconstanta.ro/images/banners/*","isUrlFilterCaseSensitive":false},"priority":1},{"id":254,"action":{"type":"block"},"condition":{"urlFilter":"||cdn.g4media.ro/wp-content/uploads/2023/07/SpitalulSfantulSava.ro_.gif","resourceTypes":["image"],"isUrlFilterCaseSensitive":false},"priority":101},{"id":255,"action":{"type":"block"},"condition":{"urlFilter":"||fanatik.ro/wp-content/themes/FanatikTwenty/assets/images/euro2024/LEFT-betano.webp","resourceTypes":["image"],"isUrlFilterCaseSensitive":false},"priority":101},{"id":256,"action":{"type":"block"},"condition":{"urlFilter":"||fanatik.ro/wp-content/themes/FanatikTwenty/assets/images/euro2024/RIGHT-betano.webp","resourceTypes":["image"],"isUrlFilterCaseSensitive":false},"priority":101},{"id":257,"action":{"type":"block"},"condition":{"urlFilter":"||fanatik.ro/wp-content/themes/FanatikTwenty/assets/images/euro2024/TOP-betano.webp","resourceTypes":["image"],"isUrlFilterCaseSensitive":false},"priority":101},{"id":258,"action":{"type":"block"},"condition":{"urlFilter":"||hotnews.ro/wp-content/themes/hotnews/public/images/superliga-new.png","resourceTypes":["image"],"isUrlFilterCaseSensitive":false},"priority":101},{"id":259,"action":{"type":"block"},"condition":{"urlFilter":"||static4.libertatea.ro/wp-content/uploads/2023/11/wpp-banner-*.png","resourceTypes":["image"],"isUrlFilterCaseSensitive":false},"priority":101},{"id":260,"action":{"type":"block"},"condition":{"urlFilter":"||storage0.dms.mpinteractiv.ro/media/1/1481/21346/20955911/35/zf-transformarea-romaniei-articol-2-300x250.jpg","resourceTypes":["image"],"isUrlFilterCaseSensitive":false},"priority":101},{"id":261,"action":{"type":"block"},"condition":{"urlFilter":"||storage0.dms.mpinteractiv.ro/media/401/781/37246/18151859/4/zf-bankers1-2024-300x250.jpg","resourceTypes":["image"],"isUrlFilterCaseSensitive":false},"priority":101},{"id":262,"action":{"type":"block"},"condition":{"urlFilter":"||vasiledale.ro/images/anastasis.jpg","resourceTypes":["image"],"isUrlFilterCaseSensitive":false},"priority":101},{"id":263,"action":{"type":"block"},"condition":{"urlFilter":"||vasiledale.ro/wp-content/uploads/2024/01/12ian.jpg","resourceTypes":["image"],"isUrlFilterCaseSensitive":false},"priority":101},{"id":264,"action":{"type":"block"},"condition":{"urlFilter":"||zf.ro/images/banners/banner-sidebar-v10.jpg","resourceTypes":["image"],"isUrlFilterCaseSensitive":false},"priority":101},{"id":265,"action":{"type":"block"},"condition":{"urlFilter":"||zf.ro/images/anuar-atlas-bm/banner-interior-v18.jpg","resourceTypes":["image"],"isUrlFilterCaseSensitive":false},"priority":101},{"id":266,"action":{"type":"block"},"condition":{"urlFilter":"||zf.ro/images/zf-bankers-summit/ZF-Bankers-2023-300x250.jpg","resourceTypes":["image"],"isUrlFilterCaseSensitive":false},"priority":101},{"id":267,"action":{"type":"block"},"condition":{"urlFilter":"||ziaruldebacau.ro/wp-content/uploads/2024/02/SOMA-febr-2024-336x280-1.gif","resourceTypes":["image"],"isUrlFilterCaseSensitive":false},"priority":101},{"id":268,"action":{"type":"block"},"condition":{"urlFilter":"||ziaruldebacau.ro/wp-content/uploads/2024/08/COVER-360-X-300*.png","resourceTypes":["image"],"isUrlFilterCaseSensitive":false},"priority":101},{"id":269,"action":{"type":"block"},"condition":{"urlFilter":"||ziaruldebacau.ro/wp-content/uploads/2024/10/860x150_sticky.png","resourceTypes":["image"],"isUrlFilterCaseSensitive":false},"priority":101},{"id":270,"action":{"type":"block"},"condition":{"urlFilter":"||ziaruldebacau.ro/wp-content/uploads/2024/10/880x200-candidati-v2.jpg","resourceTypes":["image"],"isUrlFilterCaseSensitive":false},"priority":101},{"id":271,"action":{"type":"block"},"condition":{"urlFilter":"||ziaruldebacau.ro/wp-content/uploads/2024/10/Ziarul-de-Bacau-Desktop-rosu-1.5-sec-gif-1280-x-200-px.gif","resourceTypes":["image"],"isUrlFilterCaseSensitive":false},"priority":101},{"id":272,"action":{"type":"block"},"condition":{"urlFilter":"||ziaruldebacau.ro/wp-content/uploads/2024/11/fuego-dsk.jpg","resourceTypes":["image"],"isUrlFilterCaseSensitive":false},"priority":101},{"id":273,"action":{"type":"block"},"condition":{"urlFilter":"||bursa.ro/__v1/_img/mediap/promo/20240605.jpg","resourceTypes":["image"],"isUrlFilterCaseSensitive":false},"priority":101},{"id":274,"action":{"type":"block"},"condition":{"urlFilter":"||forum.softpedia.com/images/adbot/neurohope2.png","resourceTypes":["image"],"isUrlFilterCaseSensitive":false},"priority":101},{"id":275,"action":{"type":"block"},"condition":{"urlFilter":"||forum.softpedia.com/images/adbot/neurohope3.png","resourceTypes":["image"],"isUrlFilterCaseSensitive":false},"priority":101},{"id":276,"action":{"type":"block"},"condition":{"urlFilter":"||forum.softpedia.com/images/adbot/neurohope5.png","resourceTypes":["image"],"isUrlFilterCaseSensitive":false},"priority":101},{"id":277,"action":{"type":"block"},"condition":{"urlFilter":"||storage0.dms.mpinteractiv.ro/media/1/1481/21346/20955911/70/zf-15-minute-cu-un-antreprenor-1024x317.jpg","resourceTypes":["image"],"isUrlFilterCaseSensitive":false},"priority":101},{"id":278,"action":{"type":"block"},"condition":{"urlFilter":"||storage0.dms.mpinteractiv.ro/media/1/1481/21346/20955911/72/zf-26-ani-banere-300x250.jpg","resourceTypes":["image"],"isUrlFilterCaseSensitive":false},"priority":101},{"id":279,"action":{"type":"block"},"condition":{"urlFilter":"||storage0.dms.mpinteractiv.ro/media/1/1481/21346/20955911/50/bm-admirati-2024-300x250.jpg","resourceTypes":["image"],"isUrlFilterCaseSensitive":false},"priority":101},{"id":280,"action":{"type":"block"},"condition":{"urlFilter":"||storage0.dms.mpinteractiv.ro/media/1/1481/21346/20955911/55/zf-gen-300x250.jpg","resourceTypes":["image"],"isUrlFilterCaseSensitive":false},"priority":101},{"id":281,"action":{"type":"block"},"condition":{"urlFilter":"||storage0.dms.mpinteractiv.ro/media/1/1481/21346/20955911/59/sidebar-bm-20-ani.jpg","resourceTypes":["image"],"isUrlFilterCaseSensitive":false},"priority":101},{"id":282,"action":{"type":"block"},"condition":{"urlFilter":"||presasm.ro/wp-content/uploads/2022/02/shopping-satu-mare.gif","resourceTypes":["image"],"isUrlFilterCaseSensitive":false},"priority":101},{"id":283,"action":{"type":"block"},"condition":{"urlFilter":"||presasm.ro/wp-content/uploads/2024/02/makra.jpg","resourceTypes":["image"],"isUrlFilterCaseSensitive":false},"priority":101}]