[{"id":1,"action":{"type":"block"},"condition":{"urlFilter":"-baneris-","isUrlFilterCaseSensitive":false},"priority":1},{"id":2,"action":{"type":"block"},"condition":{"urlFilter":".altero-banner-2_top","isUrlFilterCaseSensitive":false},"priority":1},{"id":3,"action":{"type":"block"},"condition":{"urlFilter":"/baneriai^","excludedInitiatorDomains":["pigubeakcijos.lt"],"isUrlFilterCaseSensitive":false},"priority":2},{"id":4,"action":{"type":"block"},"condition":{"urlFilter":"/baneris.","isUrlFilterCaseSensitive":false},"priority":1},{"id":5,"action":{"type":"block"},"condition":{"urlFilter":"/baneris_","isUrlFilterCaseSensitive":false},"priority":1},{"id":6,"action":{"type":"block"},"condition":{"urlFilter":"/baneriukai/*","isUrlFilterCaseSensitive":false},"priority":1},{"id":7,"action":{"type":"block"},"condition":{"urlFilter":"/baneriukas/*","isUrlFilterCaseSensitive":false},"priority":1},{"id":8,"action":{"type":"block"},"condition":{"urlFilter":"/PopBox.js","isUrlFilterCaseSensitive":false},"priority":1},{"id":9,"action":{"type":"block"},"condition":{"urlFilter":"/skydeliai/*","isUrlFilterCaseSensitive":false},"priority":1},{"id":10,"action":{"type":"block"},"condition":{"urlFilter":".lt/images/banners^","excludedInitiatorDomains":["procolor.lt","rde.lt"],"isUrlFilterCaseSensitive":false},"priority":2},{"id":11,"action":{"type":"block"},"condition":{"urlFilter":".lt/reklamos^","isUrlFilterCaseSensitive":false},"priority":1},{"id":12,"action":{"type":"block"},"condition":{"urlFilter":".lt/banners^","excludedInitiatorDomains":["barbora.lt"],"isUrlFilterCaseSensitive":false},"priority":2},{"id":13,"action":{"type":"block"},"condition":{"urlFilter":".lt/uploads/banners^","isUrlFilterCaseSensitive":false},"priority":1},{"id":14,"action":{"type":"block"},"condition":{"urlFilter":".lt/banner^","isUrlFilterCaseSensitive":false},"priority":1},{"id":15,"action":{"type":"block"},"condition":{"urlFilter":".lt/resources/_banners^","isUrlFilterCaseSensitive":false},"priority":1},{"id":16,"action":{"type":"block"},"condition":{"urlFilter":"||adart.hostin.lt^","domainType":"thirdParty","isUrlFilterCaseSensitive":false},"priority":2},{"id":17,"action":{"type":"block"},"condition":{"urlFilter":"||adbox.lt^","domainType":"thirdParty","isUrlFilterCaseSensitive":false},"priority":2},{"id":18,"action":{"type":"block"},"condition":{"urlFilter":"||adclick.lt^","domainType":"thirdParty","isUrlFilterCaseSensitive":false},"priority":2},{"id":19,"action":{"type":"block"},"condition":{"urlFilter":"||adsplius.lt^","domainType":"thirdParty","isUrlFilterCaseSensitive":false},"priority":2},{"id":20,"action":{"type":"block"},"condition":{"urlFilter":"||adverum.lt^","domainType":"thirdParty","isUrlFilterCaseSensitive":false},"priority":2},{"id":21,"action":{"type":"block"},"condition":{"urlFilter":"||aleja.lt^","domainType":"thirdParty","isUrlFilterCaseSensitive":false},"priority":2},{"id":22,"action":{"type":"block"},"condition":{"urlFilter":"||banners.igloro.info^","isUrlFilterCaseSensitive":false},"priority":1},{"id":23,"action":{"type":"block"},"condition":{"urlFilter":"||bms.creativepartner.lt^","isUrlFilterCaseSensitive":false},"priority":1},{"id":24,"action":{"type":"block"},"condition":{"urlFilter":"||peacto.com^","initiatorDomains":["filmux.to"],"isUrlFilterCaseSensitive":false},"priority":201},{"id":25,"action":{"type":"block"},"condition":{"urlFilter":"||prod.one.lt^","isUrlFilterCaseSensitive":false},"priority":1},{"id":26,"action":{"type":"block"},"condition":{"urlFilter":"||trackers.adtarget.me^","isUrlFilterCaseSensitive":false},"priority":1},{"id":27,"action":{"type":"block"},"condition":{"urlFilter":"||darnipora.lt^","domainType":"thirdParty","isUrlFilterCaseSensitive":false},"priority":2},{"id":28,"action":{"type":"block"},"condition":{"urlFilter":"||keliones.lt^","domainType":"thirdParty","isUrlFilterCaseSensitive":false},"priority":2},{"id":29,"action":{"type":"block"},"condition":{"urlFilter":"||top100.lt^","domainType":"thirdParty","isUrlFilterCaseSensitive":false},"priority":2},{"id":30,"action":{"type":"block"},"condition":{"urlFilter":"||on-line.lt^","domainType":"thirdParty","isUrlFilterCaseSensitive":false},"priority":2},{"id":31,"action":{"type":"block"},"condition":{"urlFilter":"||plius.lt^","domainType":"thirdParty","excludedInitiatorDomains":["domoplius.lt"],"isUrlFilterCaseSensitive":false},"priority":3},{"id":32,"action":{"type":"block"},"condition":{"urlFilter":"||rkl.draugas.lt^","isUrlFilterCaseSensitive":false},"priority":1},{"id":33,"action":{"type":"block"},"condition":{"urlFilter":"||komi.lt^","domainType":"thirdParty","isUrlFilterCaseSensitive":false},"priority":2},{"id":34,"action":{"type":"block"},"condition":{"urlFilter":"://ad.admitad.com^","domainType":"thirdParty","isUrlFilterCaseSensitive":false},"priority":2},{"id":35,"action":{"type":"block"},"condition":{"urlFilter":"||ads.vmedija.lt^","domainType":"thirdParty","isUrlFilterCaseSensitive":false},"priority":2},{"id":36,"action":{"type":"block"},"condition":{"urlFilter":"||ads.one.lt^","domainType":"thirdParty","isUrlFilterCaseSensitive":false},"priority":2},{"id":37,"action":{"type":"block"},"condition":{"urlFilter":"||r-scale-fb.static.go3.tv^","isUrlFilterCaseSensitive":false},"priority":1},{"id":38,"action":{"type":"block"},"condition":{"urlFilter":"||freewheel-mtgx-tv.akamaized.net^","initiatorDomains":["tv3.lt"],"isUrlFilterCaseSensitive":false},"priority":201},{"id":39,"action":{"type":"block"},"condition":{"urlFilter":"/script/suv4.js","isUrlFilterCaseSensitive":false},"priority":1},{"id":40,"action":{"type":"block"},"condition":{"urlFilter":"||skpiramide.lt^","isUrlFilterCaseSensitive":false},"priority":1},{"id":41,"action":{"type":"block"},"condition":{"urlFilter":"||revive.imones.lt^","domainType":"thirdParty","isUrlFilterCaseSensitive":false},"priority":2},{"id":42,"action":{"type":"block"},"condition":{"urlFilter":"||banners.adnetmedia.lt^","domainType":"thirdParty","isUrlFilterCaseSensitive":false},"priority":2},{"id":43,"action":{"type":"block"},"condition":{"urlFilter":"||static.grupinis.lt^","domainType":"thirdParty","isUrlFilterCaseSensitive":false},"priority":2},{"id":44,"action":{"type":"block"},"condition":{"urlFilter":"||skaitliukas.eu^","domainType":"thirdParty","isUrlFilterCaseSensitive":false},"priority":2},{"id":45,"action":{"type":"block"},"condition":{"urlFilter":"/reklamjuostes^","resourceTypes":["image"],"isUrlFilterCaseSensitive":false},"priority":101},{"id":46,"action":{"type":"block"},"condition":{"urlFilter":"||core.dimatter.ai^","isUrlFilterCaseSensitive":false},"priority":1},{"id":47,"action":{"type":"redirect","redirect":{"extensionPath":"/rule_resources/redirects/noop-0.1s.mp3"}},"condition":{"urlFilter":"||161.97.106.129/info.mp4","domainType":"firstParty","resourceTypes":["media"],"isUrlFilterCaseSensitive":false},"priority":1102},{"id":48,"action":{"type":"block"},"condition":{"urlFilter":"/images/banners/*","initiatorDomains":["dumblas.com","onlyoffice.com","viskasvestuvems.eu"],"isUrlFilterCaseSensitive":false},"priority":135},{"id":49,"action":{"type":"block"},"condition":{"urlFilter":"/lt/davise/*","initiatorDomains":["torrent.ai","torrent.lt"],"isUrlFilterCaseSensitive":false},"priority":151},{"id":50,"action":{"type":"block"},"condition":{"urlFilter":"/out_data/banners/*","initiatorDomains":["ekstremalas.lt","samata.lt"],"isUrlFilterCaseSensitive":false},"priority":151},{"id":51,"action":{"type":"block"},"condition":{"urlFilter":".lt/infoblocks","initiatorDomains":["autoplius.lt","cvmarket.lt"],"isUrlFilterCaseSensitive":false},"priority":151},{"id":52,"action":{"type":"block"},"condition":{"urlFilter":".lt/static/images/banner","isUrlFilterCaseSensitive":false},"priority":1},{"id":53,"action":{"type":"block"},"condition":{"urlFilter":".lt/uploads/img/banners/","initiatorDomains":["medguru.lt","sveikas.lt"],"isUrlFilterCaseSensitive":false},"priority":151},{"id":54,"action":{"type":"block"},"condition":{"urlFilter":"/ads.php","initiatorDomains":["bigbolz.com","iwant.lt"],"isUrlFilterCaseSensitive":false},"priority":151},{"id":55,"action":{"type":"block"},"condition":{"urlFilter":"/banner-job-ads^","initiatorDomains":["www.15min.lt"],"isUrlFilterCaseSensitive":false},"priority":201},{"id":56,"action":{"type":"block"},"condition":{"urlFilter":"/EMP_sugedo_210x105.gif^","initiatorDomains":["emp.lt","viko.lt"],"isUrlFilterCaseSensitive":false},"priority":151},{"id":57,"action":{"type":"block"},"condition":{"urlFilter":"/images/texts/*","initiatorDomains":["miskobirza.lt"],"resourceTypes":["image"],"isUrlFilterCaseSensitive":false},"priority":301},{"id":58,"action":{"type":"block"},"condition":{"urlFilter":"/newsfeed/?p=","initiatorDomains":["tavovaikas.lt","delfi.lt"],"isUrlFilterCaseSensitive":false},"priority":151},{"id":59,"action":{"type":"block"},"condition":{"urlFilter":"/newsfeed_v2/?p=","initiatorDomains":["manonamai.lt","perpasauli.lt"],"isUrlFilterCaseSensitive":false},"priority":151},{"id":60,"action":{"type":"block"},"condition":{"urlFilter":"/oc-content/themes^","initiatorDomains":["suvalkai.lt"],"isUrlFilterCaseSensitive":false},"priority":201},{"id":61,"action":{"type":"block"},"condition":{"urlFilter":"images/banners/","initiatorDomains":["marijosradijas.lt"],"resourceTypes":["image"],"isUrlFilterCaseSensitive":false},"priority":301},{"id":62,"action":{"type":"block"},"condition":{"urlFilter":"pakalne.lt/wp-content/uploads/","domainType":"firstParty","resourceTypes":["image"],"isUrlFilterCaseSensitive":false},"priority":102},{"id":63,"action":{"type":"block"},"condition":{"urlFilter":"pav/","initiatorDomains":["orai.biz"],"resourceTypes":["image"],"isUrlFilterCaseSensitive":false},"priority":301},{"id":64,"action":{"type":"block"},"condition":{"urlFilter":"uploads/images/","initiatorDomains":["gyvenimoguru.lt"],"resourceTypes":["image"],"isUrlFilterCaseSensitive":false},"priority":301},{"id":65,"action":{"type":"block"},"condition":{"urlFilter":"||1551.lt/images/banner","isUrlFilterCaseSensitive":false},"priority":1},{"id":66,"action":{"type":"block"},"condition":{"urlFilter":"||15min.lt/*_300x400-","resourceTypes":["image"],"isUrlFilterCaseSensitive":false},"priority":101},{"id":67,"action":{"type":"block"},"condition":{"urlFilter":"||15min.lt/*_300x400px-*.jpg^","resourceTypes":["image"],"isUrlFilterCaseSensitive":false},"priority":101},{"id":68,"action":{"type":"block"},"condition":{"urlFilter":"||15min.lt/*_baneriai_*.jpg^","resourceTypes":["image"],"isUrlFilterCaseSensitive":false},"priority":101},{"id":69,"action":{"type":"block"},"condition":{"urlFilter":"||15min.lt/static/*/200x300_*.jpg^","resourceTypes":["image"],"isUrlFilterCaseSensitive":false},"priority":101},{"id":70,"action":{"type":"block"},"condition":{"urlFilter":"||15min.lt/static/*/300x400-*.jpg^","resourceTypes":["image"],"isUrlFilterCaseSensitive":false},"priority":101},{"id":71,"action":{"type":"block"},"condition":{"urlFilter":"||15min.lt/static/cache/*-adblock-banner-*.jpg^","resourceTypes":["image"],"isUrlFilterCaseSensitive":false},"priority":101},{"id":72,"action":{"type":"block"},"condition":{"urlFilter":"||15minlt.adocean.pl/files/x/*.mp4","isUrlFilterCaseSensitive":false},"priority":1},{"id":73,"action":{"type":"block"},"condition":{"urlFilter":"||alio.lt/infoblock1200x250a.html","isUrlFilterCaseSensitive":false},"priority":1},{"id":74,"action":{"type":"block"},"condition":{"urlFilter":"||alio.lt/positionPages","isUrlFilterCaseSensitive":false},"priority":1},{"id":75,"action":{"type":"block"},"condition":{"urlFilter":"||alio.lt/posPages.html?position=Titulinis_Carusele_","isUrlFilterCaseSensitive":false},"priority":1},{"id":76,"action":{"type":"block"},"condition":{"urlFilter":"||alytausgidas.lt/media/_banners/","isUrlFilterCaseSensitive":false},"priority":1},{"id":77,"action":{"type":"block"},"condition":{"urlFilter":"||aktualu.com/pop.js","domainType":"firstParty","resourceTypes":["script"],"isUrlFilterCaseSensitive":false},"priority":102},{"id":78,"action":{"type":"block"},"condition":{"urlFilter":"||apievestuves.lt/m/ads","isUrlFilterCaseSensitive":false},"priority":1},{"id":79,"action":{"type":"block"},"condition":{"urlFilter":"||audifanai.com/images/bap.jpg","isUrlFilterCaseSensitive":false},"priority":1},{"id":80,"action":{"type":"block"},"condition":{"urlFilter":"||audifanai.com/images/draugai/","isUrlFilterCaseSensitive":false},"priority":1},{"id":81,"action":{"type":"block"},"condition":{"urlFilter":"||aukse.ucoz.com/8ea7f19510a7.gif","isUrlFilterCaseSensitive":false},"priority":1},{"id":82,"action":{"type":"block"},"condition":{"urlFilter":"||aukse.ucoz.com/aurelialogo.jpg","isUrlFilterCaseSensitive":false},"priority":1},{"id":83,"action":{"type":"block"},"condition":{"urlFilter":"||aukse.ucoz.com/editalogo.jpg","isUrlFilterCaseSensitive":false},"priority":1},{"id":84,"action":{"type":"block"},"condition":{"urlFilter":"||aukse.ucoz.com/lilijos_logo.jpg","isUrlFilterCaseSensitive":false},"priority":1},{"id":85,"action":{"type":"block"},"condition":{"urlFilter":"||aukse.ucoz.com/sokiu_bunkeris.png","isUrlFilterCaseSensitive":false},"priority":1},{"id":86,"action":{"type":"block"},"condition":{"urlFilter":"||auto-loads.lt/media/uploads/banners/","isUrlFilterCaseSensitive":false},"priority":1},{"id":87,"action":{"type":"block"},"condition":{"urlFilter":"||autobilis.lt/assets/images/lizingas.jpg","isUrlFilterCaseSensitive":false},"priority":1},{"id":88,"action":{"type":"block"},"condition":{"urlFilter":"||autoplius-static.dgn.lt/static/images/desktop/placement/Luminor/luminor_ap_2048.jpg","isUrlFilterCaseSensitive":false},"priority":1},{"id":89,"action":{"type":"block"},"condition":{"urlFilter":"||b.inbox.lt/b/","isUrlFilterCaseSensitive":false},"priority":1},{"id":90,"action":{"type":"block"},"condition":{"urlFilter":"||basketnews.lt/config/basketnews.lt/files/3/2323.gif","isUrlFilterCaseSensitive":false},"priority":1},{"id":91,"action":{"type":"block"},"condition":{"urlFilter":"||basketnews.lt/config/basketnews.lt/themes/ads_","isUrlFilterCaseSensitive":false},"priority":1},{"id":92,"action":{"type":"block"},"condition":{"urlFilter":"||basketnews.lt/config/basketnews.lt/themes/banners/olybet_","isUrlFilterCaseSensitive":false},"priority":1},{"id":93,"action":{"type":"block"},"condition":{"urlFilter":"||basketzone.lt/images/stories/wfotkes/musu_statymai.jpg","isUrlFilterCaseSensitive":false},"priority":1},{"id":94,"action":{"type":"block"},"condition":{"urlFilter":"||basketzone.lt/images/stories/wfotkes/statymai_blue_500x60.gif","isUrlFilterCaseSensitive":false},"priority":1},{"id":95,"action":{"type":"block"},"condition":{"urlFilter":"||basset-hound.lt/uploads/basset_banner.gif","isUrlFilterCaseSensitive":false},"priority":1},{"id":96,"action":{"type":"block"},"condition":{"urlFilter":"||beligu.lt/images/longavit.jpg","isUrlFilterCaseSensitive":false},"priority":1},{"id":97,"action":{"type":"block"},"condition":{"urlFilter":"||bigbenas.lt/wp-content/uploads/2017/03/banner-1.jpg","isUrlFilterCaseSensitive":false},"priority":1},{"id":98,"action":{"type":"block"},"condition":{"urlFilter":"||bigbenas.lt/wp-content/uploads/2017/10/study-in-london-1024x189-px.gif","isUrlFilterCaseSensitive":false},"priority":1},{"id":99,"action":{"type":"block"},"condition":{"urlFilter":"||ccg.lv/ads/","isUrlFilterCaseSensitive":false},"priority":1},{"id":100,"action":{"type":"block"},"condition":{"urlFilter":"||ccic.lt/get.php?i.","isUrlFilterCaseSensitive":false},"priority":1},{"id":101,"action":{"type":"block"},"condition":{"urlFilter":"||cdn.gsmarena.com/vv/assets8/js/","isUrlFilterCaseSensitive":false},"priority":1},{"id":102,"action":{"type":"block"},"condition":{"urlFilter":"||church.lt/t/files/u5/kiekvienamstudentui.gif","isUrlFilterCaseSensitive":false},"priority":1},{"id":103,"action":{"type":"block"},"condition":{"urlFilter":"||church.lt/t/files/u5/rlc_banner1.gif","isUrlFilterCaseSensitive":false},"priority":1},{"id":104,"action":{"type":"block"},"condition":{"urlFilter":"||credit24.lt/paskolos.html?transid=","isUrlFilterCaseSensitive":false},"priority":1},{"id":105,"action":{"type":"block"},"condition":{"urlFilter":"||cvzona.lt/dienaLT_adv.php","isUrlFilterCaseSensitive":false},"priority":1},{"id":106,"action":{"type":"block"},"condition":{"urlFilter":"||dazasvydis.lt/images/laz_ban.gif","isUrlFilterCaseSensitive":false},"priority":1},{"id":107,"action":{"type":"block"},"condition":{"urlFilter":"||dazasvydis.lt/images/lazertag_ban-ani.gif","isUrlFilterCaseSensitive":false},"priority":1},{"id":108,"action":{"type":"block"},"condition":{"urlFilter":"||delfi.lt/apps/banners","isUrlFilterCaseSensitive":false},"priority":1},{"id":109,"action":{"type":"block"},"condition":{"urlFilter":"||delfi.lt/b?region=","isUrlFilterCaseSensitive":false},"priority":1},{"id":110,"action":{"type":"block"},"condition":{"urlFilter":"||delfi.lt/c/ib/","isUrlFilterCaseSensitive":false},"priority":1},{"id":111,"action":{"type":"block"},"condition":{"urlFilter":"||delfi.lt/files/*.mp4","isUrlFilterCaseSensitive":false},"priority":1},{"id":112,"action":{"type":"block"},"condition":{"urlFilter":"||delfi.lt/misc/ebooks.php","isUrlFilterCaseSensitive":false},"priority":1},{"id":113,"action":{"type":"block"},"condition":{"urlFilter":"||delfi.lt/misc/export/aovp.php","isUrlFilterCaseSensitive":false},"priority":1},{"id":114,"action":{"type":"block"},"condition":{"urlFilter":"||delfi.lt/video/sporto-tv/widgets/250px/","isUrlFilterCaseSensitive":false},"priority":1},{"id":115,"action":{"type":"block"},"condition":{"urlFilter":"||delfi.lt/video/sporto-tv/widgets/728px/images/hermis.jpg","isUrlFilterCaseSensitive":false},"priority":1},{"id":116,"action":{"type":"block"},"condition":{"urlFilter":"||dcdn.lt/images/hntis/","initiatorDomains":["delfi.lt"],"isUrlFilterCaseSensitive":false},"priority":201},{"id":117,"action":{"type":"block"},"condition":{"urlFilter":"||depiliacija.eu/wp-content/uploads/2011/12/fotoepiliacija-namuose.png","isUrlFilterCaseSensitive":false},"priority":1},{"id":118,"action":{"type":"block"},"condition":{"urlFilter":"||depiliacija.eu/wp-content/uploads/2012/06/fotoepiliatorius-silkn-flashngo.png","isUrlFilterCaseSensitive":false},"priority":1},{"id":119,"action":{"type":"block"},"condition":{"urlFilter":"||depiliacija.eu/wp-content/uploads/2013/09/HF-depiliacija-baneris180x500.jpg","isUrlFilterCaseSensitive":false},"priority":1},{"id":120,"action":{"type":"block"},"condition":{"urlFilter":"||dgn.lt/static/5/paskolos-v2.html","isUrlFilterCaseSensitive":false},"priority":1},{"id":121,"action":{"type":"block"},"condition":{"urlFilter":"||dgn.lt/static/nqs/5/banner","isUrlFilterCaseSensitive":false},"priority":1},{"id":122,"action":{"type":"block"},"condition":{"urlFilter":"||dgn.lt^","initiatorDomains":["15min.lt"],"isUrlFilterCaseSensitive":false},"priority":201},{"id":123,"action":{"type":"block"},"condition":{"urlFilter":"||diena.lt/sites/default/files/forma/cikaga.gif","isUrlFilterCaseSensitive":false},"priority":1},{"id":124,"action":{"type":"block"},"condition":{"urlFilter":"||diena.lt/sites/default/files/forma/izel-3.gif","isUrlFilterCaseSensitive":false},"priority":1},{"id":125,"action":{"type":"block"},"condition":{"urlFilter":"||diena.lt/sites/default/files/Vilniausdiena/Vartotoju%20zona/diena_admin/giberta_darbo_0.jpg","isUrlFilterCaseSensitive":false},"priority":1},{"id":126,"action":{"type":"block"},"condition":{"urlFilter":"||diena.lt/sites/default/files/Vilniausdiena/Vartotoju%20zona/diena_admin/giberta_darbo_1.jpg","isUrlFilterCaseSensitive":false},"priority":1},{"id":127,"action":{"type":"block"},"condition":{"urlFilter":"||dienosakcijos.lt/static/banners/","isUrlFilterCaseSensitive":false},"priority":1},{"id":128,"action":{"type":"block"},"condition":{"urlFilter":"||donoryste.eu/pictures/banner_","isUrlFilterCaseSensitive":false},"priority":1},{"id":129,"action":{"type":"block"},"condition":{"urlFilter":"||dratas.lt/wp-content/uploads/house-fb2.jpg","isUrlFilterCaseSensitive":false},"priority":1},{"id":130,"action":{"type":"block"},"condition":{"urlFilter":"||drauge.org/pilnas/pv140x180.jpg","isUrlFilterCaseSensitive":false},"priority":1},{"id":131,"action":{"type":"block"},"condition":{"urlFilter":"||drauge.org/pilnas/pv200x150.jpg","isUrlFilterCaseSensitive":false},"priority":1},{"id":132,"action":{"type":"block"},"condition":{"urlFilter":"||drauge.org/pilnas/pvgen_promo.jpg","isUrlFilterCaseSensitive":false},"priority":1},{"id":133,"action":{"type":"block"},"condition":{"urlFilter":"||dykai.eu/fun/content/2014/01/08/video-chatas-juodame.jpg","isUrlFilterCaseSensitive":false},"priority":1},{"id":134,"action":{"type":"block"},"condition":{"urlFilter":"||ecoland.lt/modules/sotewsadds/files/Right","isUrlFilterCaseSensitive":false},"priority":1},{"id":135,"action":{"type":"block"},"condition":{"urlFilter":"||elektromarkt.lt/out/pictures/promo/","isUrlFilterCaseSensitive":false},"priority":1},{"id":136,"action":{"type":"block"},"condition":{"urlFilter":"||elektromarkt.lt/assets/img/marketing/940x450/","domainType":"firstParty","resourceTypes":["image"],"isUrlFilterCaseSensitive":false},"priority":102},{"id":137,"action":{"type":"block"},"condition":{"urlFilter":"||empire.dykai.eu/logo_empire.jpg","isUrlFilterCaseSensitive":false},"priority":1},{"id":138,"action":{"type":"block"},"condition":{"urlFilter":"||eurobasket.lt/images/statymai3.jpg","isUrlFilterCaseSensitive":false},"priority":1},{"id":139,"action":{"type":"block"},"condition":{"urlFilter":"||eurobasket.lt/images/toshow/1000x200.jpg","isUrlFilterCaseSensitive":false},"priority":1},{"id":140,"action":{"type":"block"},"condition":{"urlFilter":"||europoszemelapis.lt/dedikuoti-nuolaida150.jpg","isUrlFilterCaseSensitive":false},"priority":1},{"id":141,"action":{"type":"block"},"condition":{"urlFilter":"||europoszemelapis.lt/serveriai-nuolaida150.jpg","isUrlFilterCaseSensitive":false},"priority":1},{"id":142,"action":{"type":"block"},"condition":{"urlFilter":"||fanpagelistbuilder.net/pagetab/app_coupon/scriptindex.php?pageid=","isUrlFilterCaseSensitive":false},"priority":1},{"id":143,"action":{"type":"block"},"condition":{"urlFilter":"||farm4.static.flickr.com/3512/3178137982_2d1f1d4ff1_o.gif","isUrlFilterCaseSensitive":false},"priority":1},{"id":144,"action":{"type":"block"},"condition":{"urlFilter":"||filosofija.info/wp-content/uploads/2013/11/praktine-filosofija.gif","isUrlFilterCaseSensitive":false},"priority":1},{"id":145,"action":{"type":"block"},"condition":{"urlFilter":"||fm99.lt/wp-content/banners/","isUrlFilterCaseSensitive":false},"priority":1},{"id":146,"action":{"type":"block"},"condition":{"urlFilter":"||fm99.lt/wp-content/uploads/2014/03/slider_blues_konkurs_dlugi_logo_ang.jpg","isUrlFilterCaseSensitive":false},"priority":1},{"id":147,"action":{"type":"block"},"condition":{"urlFilter":"||fotofaze.lt/img/dezavu.jpg","isUrlFilterCaseSensitive":false},"priority":1},{"id":148,"action":{"type":"block"},"condition":{"urlFilter":"||fotofaze.lt/img/fotonaras.png","isUrlFilterCaseSensitive":false},"priority":1},{"id":149,"action":{"type":"block"},"condition":{"urlFilter":"||fotofaze.lt/img/musu-vestuves.jpg","isUrlFilterCaseSensitive":false},"priority":1},{"id":150,"action":{"type":"block"},"condition":{"urlFilter":"||fotofaze.lt/img/procentras.png","isUrlFilterCaseSensitive":false},"priority":1},{"id":151,"action":{"type":"block"},"condition":{"urlFilter":"||fotofaze.lt/img/vestuveskitaip.jpg","isUrlFilterCaseSensitive":false},"priority":1},{"id":152,"action":{"type":"block"},"condition":{"urlFilter":"||fotofaze.lt/img/zzet.jpg","isUrlFilterCaseSensitive":false},"priority":1},{"id":153,"action":{"type":"block"},"condition":{"urlFilter":"||games.lt/i/banners/","isUrlFilterCaseSensitive":false},"priority":1},{"id":154,"action":{"type":"block"},"condition":{"urlFilter":"||games4you.lt/img/game1.gif","isUrlFilterCaseSensitive":false},"priority":1},{"id":155,"action":{"type":"block"},"condition":{"urlFilter":"||games4you.lt/img/game2.gif","isUrlFilterCaseSensitive":false},"priority":1},{"id":156,"action":{"type":"block"},"condition":{"urlFilter":"||geliukrautuvele.lt/images/vestuviu_atributika.png","isUrlFilterCaseSensitive":false},"priority":1},{"id":157,"action":{"type":"block"},"condition":{"urlFilter":"||geopolitika.lt/img/ban/","isUrlFilterCaseSensitive":false},"priority":1},{"id":158,"action":{"type":"block"},"condition":{"urlFilter":"||geopolitika.lt/img/banner_","isUrlFilterCaseSensitive":false},"priority":1},{"id":159,"action":{"type":"block"},"condition":{"urlFilter":"||geopolitika.lt/img/book_ppceu_en.jpg","isUrlFilterCaseSensitive":false},"priority":1},{"id":160,"action":{"type":"block"},"condition":{"urlFilter":"||geopolitika.lt/img/logo_srtrf.png","isUrlFilterCaseSensitive":false},"priority":1},{"id":161,"action":{"type":"block"},"condition":{"urlFilter":"||geopolitika.lt/img/newtimeslogo.jpg","isUrlFilterCaseSensitive":false},"priority":1},{"id":162,"action":{"type":"block"},"condition":{"urlFilter":"||grafika.iv.lt/hostingas/small_logo.png","isUrlFilterCaseSensitive":false},"priority":1},{"id":163,"action":{"type":"block"},"condition":{"urlFilter":"||grafika.iv.lt/serveriai/hosted.gif","isUrlFilterCaseSensitive":false},"priority":1},{"id":164,"action":{"type":"block"},"condition":{"urlFilter":"||greitukas.lt/images/kupi.jpg","isUrlFilterCaseSensitive":false},"priority":1},{"id":165,"action":{"type":"block"},"condition":{"urlFilter":"||greitukas.lt/images/papuosaliukas.JPG","isUrlFilterCaseSensitive":false},"priority":1},{"id":166,"action":{"type":"block"},"condition":{"urlFilter":"||greitukas.lt/images/vestuves_baneris.jpg","isUrlFilterCaseSensitive":false},"priority":1},{"id":167,"action":{"type":"block"},"condition":{"urlFilter":"||groziodovanos.lt/groupon/affiliateFrame","isUrlFilterCaseSensitive":false},"priority":1},{"id":168,"action":{"type":"block"},"condition":{"urlFilter":"||grupinis.lt/www.grupinis.lt","isUrlFilterCaseSensitive":false},"priority":1},{"id":169,"action":{"type":"block"},"condition":{"urlFilter":"||gsmarena.lt/images/13173439603.jpeg","isUrlFilterCaseSensitive":false},"priority":1},{"id":170,"action":{"type":"block"},"condition":{"urlFilter":"||gyvenimas.eu/G_DS/skelb_arkl.jpg","isUrlFilterCaseSensitive":false},"priority":1},{"id":171,"action":{"type":"block"},"condition":{"urlFilter":"||hardas.lt/http://www.hardas.lt/wp-content/uploads/icons//2014/04/brother-mazasis.png","isUrlFilterCaseSensitive":false},"priority":1},{"id":172,"action":{"type":"block"},"condition":{"urlFilter":"||herba.lt/media/dynamic/banners/","isUrlFilterCaseSensitive":false},"priority":1},{"id":173,"action":{"type":"block"},"condition":{"urlFilter":"||hostex.lt/images/header/logo.gif","isUrlFilterCaseSensitive":false},"priority":1},{"id":174,"action":{"type":"block"},"condition":{"urlFilter":"||i422.photobucket.com/albums/pp305/savaites/banerisold_160x192.jpg","isUrlFilterCaseSensitive":false},"priority":1},{"id":175,"action":{"type":"block"},"condition":{"urlFilter":"||i461.photobucket.com/albums/qq339/martynukas/AntBangos.gif","isUrlFilterCaseSensitive":false},"priority":1},{"id":176,"action":{"type":"block"},"condition":{"urlFilter":"||i941.photobucket.com/albums/ad255/skoniublogas/baneris-1.png","isUrlFilterCaseSensitive":false},"priority":1},{"id":177,"action":{"type":"block"},"condition":{"urlFilter":"||ic.pics.livejournal.com/sig_tyr/13029589/1319/1319_900.jpg","isUrlFilterCaseSensitive":false},"priority":1},{"id":178,"action":{"type":"block"},"condition":{"urlFilter":"||ic.pics.livejournal.com/sig_tyr/13029589/1652/1652_900.gif","isUrlFilterCaseSensitive":false},"priority":1},{"id":179,"action":{"type":"block"},"condition":{"urlFilter":"||ic.pics.livejournal.com/sig_tyr/13029589/2153/2153_900.jpg","isUrlFilterCaseSensitive":false},"priority":1},{"id":180,"action":{"type":"block"},"condition":{"urlFilter":"||igs.lt/images/saugumas/","isUrlFilterCaseSensitive":false},"priority":1},{"id":181,"action":{"type":"block"},"condition":{"urlFilter":"||images.neobux.com/imagens/banner9/?uh=536B79425454&u3=15892148","isUrlFilterCaseSensitive":false},"priority":1},{"id":182,"action":{"type":"block"},"condition":{"urlFilter":"||img2.diena.lt/sites/default/files/Vilniausdiena/Vartotoju%20zona/diena_admin/urmas-kaledos-940x100-px-2.jpg","isUrlFilterCaseSensitive":false},"priority":1},{"id":183,"action":{"type":"block"},"condition":{"urlFilter":"||imgur.com/rGcWN.jpg","isUrlFilterCaseSensitive":false},"priority":1},{"id":184,"action":{"type":"block"},"condition":{"urlFilter":"||imones.lt/searchblocks/","domainType":"thirdParty","isUrlFilterCaseSensitive":false},"priority":2},{"id":185,"action":{"type":"block"},"condition":{"urlFilter":"||imones.lt/companies/banners/*.gif","domainType":"firstParty","resourceTypes":["image"],"isUrlFilterCaseSensitive":false},"priority":102},{"id":186,"action":{"type":"block"},"condition":{"urlFilter":"||imones.lt/companies/sponsors/*.gif","domainType":"firstParty","resourceTypes":["image"],"isUrlFilterCaseSensitive":false},"priority":102},{"id":187,"action":{"type":"block"},"condition":{"urlFilter":"||infoadmin.lt/img/alertpay120x60.gif","isUrlFilterCaseSensitive":false},"priority":1},{"id":188,"action":{"type":"block"},"condition":{"urlFilter":"||infoadmin.lt/uploads/images/Banner120x60.gif","isUrlFilterCaseSensitive":false},"priority":1},{"id":189,"action":{"type":"block"},"condition":{"urlFilter":"||infoadmin.lt/uploads/images/infoadmin120x60.jpg","isUrlFilterCaseSensitive":false},"priority":1},{"id":190,"action":{"type":"block"},"condition":{"urlFilter":"||infodiena.com/wp-content/uploads/2018/03/1200.gif","isUrlFilterCaseSensitive":false},"priority":1},{"id":191,"action":{"type":"block"},"condition":{"urlFilter":"||infodiena.com/wp-content/uploads/2018/03/1200x225.gif","isUrlFilterCaseSensitive":false},"priority":1},{"id":192,"action":{"type":"block"},"condition":{"urlFilter":"||infodiena.com/wp-content/uploads/2018/04/1280x225.gif","isUrlFilterCaseSensitive":false},"priority":1},{"id":193,"action":{"type":"block"},"condition":{"urlFilter":"||infoma.lt/images/ruba-reklama.gif","isUrlFilterCaseSensitive":false},"priority":1},{"id":194,"action":{"type":"block"},"condition":{"urlFilter":"||infoplius.lt/cimg/brandpage/","isUrlFilterCaseSensitive":false},"priority":1},{"id":195,"action":{"type":"block"},"condition":{"urlFilter":"||infoplius.lt/lt/searchblocks","isUrlFilterCaseSensitive":false},"priority":1},{"id":196,"action":{"type":"block"},"condition":{"urlFilter":"||interjeras.lt/tl_files/catalogs/banners/","isUrlFilterCaseSensitive":false},"priority":1},{"id":197,"action":{"type":"block"},"condition":{"urlFilter":"||invega.lt/site/banners/","isUrlFilterCaseSensitive":false},"priority":1},{"id":198,"action":{"type":"block"},"condition":{"urlFilter":"||itneta.lt/failai/CENTAS.jpg","isUrlFilterCaseSensitive":false},"priority":1},{"id":199,"action":{"type":"block"},"condition":{"urlFilter":"||itiketini-faktai.online/reklamos/","domainType":"firstParty","resourceTypes":["image"],"isUrlFilterCaseSensitive":false},"priority":102},{"id":200,"action":{"type":"block"},"condition":{"urlFilter":"||jurbarkiskis.lt/images/stories/lanmeta.gif","isUrlFilterCaseSensitive":false},"priority":1},{"id":201,"action":{"type":"block"},"condition":{"urlFilter":"||jurbarkosviesa.lt/var/ezwebin_site/storage/images/media/skydeliu-kategorijos/","isUrlFilterCaseSensitive":false},"priority":1},{"id":202,"action":{"type":"block"},"condition":{"urlFilter":"||kaimai.lt/images/default/source/perku_vaikui.jpg","isUrlFilterCaseSensitive":false},"priority":1},{"id":203,"action":{"type":"block"},"condition":{"urlFilter":"||kaina24.lt/images/kaina24_180_green.gif","isUrlFilterCaseSensitive":false},"priority":1},{"id":204,"action":{"type":"block"},"condition":{"urlFilter":"||kainos.lt/img/logox160.png","isUrlFilterCaseSensitive":false},"priority":1},{"id":205,"action":{"type":"block"},"condition":{"urlFilter":"||kainos.lt/kainos-banner.html","isUrlFilterCaseSensitive":false},"priority":1},{"id":206,"action":{"type":"block"},"condition":{"urlFilter":"||kaisiadoriuzinios.lt/wp-content/uploads/2014/03/EXTRAFM-AD-300x150.png","isUrlFilterCaseSensitive":false},"priority":1},{"id":207,"action":{"type":"block"},"condition":{"urlFilter":"||karjerairsveikata.lt/wp-content/uploads/2013/09/profertil-720_200_1.png","isUrlFilterCaseSensitive":false},"priority":1},{"id":208,"action":{"type":"block"},"condition":{"urlFilter":"||kasvyksta.lt/isejimas-mob.php","isUrlFilterCaseSensitive":false},"priority":1},{"id":209,"action":{"type":"block"},"condition":{"urlFilter":"||kasvyksta.lt/wp-content/themes/kasvyksta/images/ads","isUrlFilterCaseSensitive":false},"priority":1},{"id":210,"action":{"type":"block"},"condition":{"urlFilter":"||kasvyksta.lt/wp-content/themes/kasvyksta/images/exit/","isUrlFilterCaseSensitive":false},"priority":1},{"id":211,"action":{"type":"block"},"condition":{"urlFilter":"||kasvyksta.lt/wp-content/uploads/2015/06/bagazinesvilijampole.jpg","isUrlFilterCaseSensitive":false},"priority":1},{"id":212,"action":{"type":"block"},"condition":{"urlFilter":"||kasvyksta.lt/wp-content/uploads/2017/*300x250.jpg","isUrlFilterCaseSensitive":false},"priority":1},{"id":213,"action":{"type":"block"},"condition":{"urlFilter":"||dcdn.lt/images/*/300x600.jpg|","isUrlFilterCaseSensitive":false},"priority":1},{"id":214,"action":{"type":"block"},"condition":{"urlFilter":"||dcdn.lt/images/*/1200x250.jpg|","isUrlFilterCaseSensitive":false},"priority":1},{"id":215,"action":{"type":"block"},"condition":{"urlFilter":"||kaunozurnalistai.lt/templates/zurnalistai/images/random/kamane.jpg","isUrlFilterCaseSensitive":false},"priority":1},{"id":216,"action":{"type":"block"},"condition":{"urlFilter":"||kedes.lt/showimage.php?f=4786_banner_lauko_baldai_6520s.jpg&w=215","isUrlFilterCaseSensitive":false},"priority":1},{"id":217,"action":{"type":"block"},"condition":{"urlFilter":"||kedes.lt/showimage.php?f=banner_rumsiskes_200x200_6447s.jpg&w=215","isUrlFilterCaseSensitive":false},"priority":1},{"id":218,"action":{"type":"block"},"condition":{"urlFilter":"||kinopavasaris.lt/bnr/2014/","isUrlFilterCaseSensitive":false},"priority":1},{"id":219,"action":{"type":"block"},"condition":{"urlFilter":"||kkml.lt/public/var/banners/","isUrlFilterCaseSensitive":false},"priority":1},{"id":220,"action":{"type":"block"},"condition":{"urlFilter":"||komentaras.lt/wp-content/themes/kk/img/P1_baneris.jpg","isUrlFilterCaseSensitive":false},"priority":1},{"id":221,"action":{"type":"block"},"condition":{"urlFilter":"||komiksai.com/img_rek/","isUrlFilterCaseSensitive":false},"priority":1},{"id":222,"action":{"type":"block"},"condition":{"urlFilter":"||kompextra.lt/image/data/182x258_kompextra.jpg","isUrlFilterCaseSensitive":false},"priority":1},{"id":223,"action":{"type":"block"},"condition":{"urlFilter":"||kompextra.lt/image/data/Reklama%20sonine/cia%20galioja%20DC%20nuolaida.jpg","isUrlFilterCaseSensitive":false},"priority":1},{"id":224,"action":{"type":"block"},"condition":{"urlFilter":"||kosmetikos.lt/images/zenklai/","isUrlFilterCaseSensitive":false},"priority":1},{"id":225,"action":{"type":"block"},"condition":{"urlFilter":"||krastietis.lt/wp-content/uploads/ekolaome.png","isUrlFilterCaseSensitive":false},"priority":1},{"id":226,"action":{"type":"block"},"condition":{"urlFilter":"||krastietis.lt/wp-content/uploads/tic-big.png","isUrlFilterCaseSensitive":false},"priority":1},{"id":227,"action":{"type":"block"},"condition":{"urlFilter":"||krepsininkas.net/pav/e-parduotuve.gif","isUrlFilterCaseSensitive":false},"priority":1},{"id":228,"action":{"type":"block"},"condition":{"urlFilter":"||kronika.lt/images/balandis2014/Zaizdos_1.gif","isUrlFilterCaseSensitive":false},"priority":1},{"id":229,"action":{"type":"block"},"condition":{"urlFilter":"||kronika.lt/images/BEGIMAS.jpg","isUrlFilterCaseSensitive":false},"priority":1},{"id":230,"action":{"type":"block"},"condition":{"urlFilter":"||kronika.lt/images/Untitled.jpg","isUrlFilterCaseSensitive":false},"priority":1},{"id":231,"action":{"type":"block"},"condition":{"urlFilter":"||kursenuparapija.lt/wp-content/uploads/logo/logo_m-studija.gif","isUrlFilterCaseSensitive":false},"priority":1},{"id":232,"action":{"type":"block"},"condition":{"urlFilter":"||kursenuparapija.lt/wp-content/uploads/logo/logo_marijos-r.gif","isUrlFilterCaseSensitive":false},"priority":1},{"id":233,"action":{"type":"block"},"condition":{"urlFilter":"||kursenuparapija.lt/wp-content/uploads/logo/logo_pakuta.gif","isUrlFilterCaseSensitive":false},"priority":1},{"id":234,"action":{"type":"block"},"condition":{"urlFilter":"||kursenuparapija.lt/wp-content/uploads/logo/logo_vatikano-r.gif","isUrlFilterCaseSensitive":false},"priority":1},{"id":235,"action":{"type":"block"},"condition":{"urlFilter":"||kvitrina.lt/kv/updir/*-150x150.jpg^","isUrlFilterCaseSensitive":false},"priority":1},{"id":236,"action":{"type":"block"},"condition":{"urlFilter":"||kvitrina.lt/kv/updir/*-536x*-536x*.jpeg^","isUrlFilterCaseSensitive":false},"priority":1},{"id":237,"action":{"type":"block"},"condition":{"urlFilter":"||kvitrina.lt/kv/updir/*-reklama-*.jpg^","isUrlFilterCaseSensitive":false},"priority":1},{"id":238,"action":{"type":"block"},"condition":{"urlFilter":"||kvitrina.lt/kv/updir/*/150x150.jpg^","isUrlFilterCaseSensitive":false},"priority":1},{"id":239,"action":{"type":"block"},"condition":{"urlFilter":"||kvitrina.lt/kv/updir/*/A00*.jpeg^","isUrlFilterCaseSensitive":false},"priority":1},{"id":240,"action":{"type":"block"},"condition":{"urlFilter":"||kvitrina.lt/kv/updir/*/btn-*.jpeg^","isUrlFilterCaseSensitive":false},"priority":1},{"id":241,"action":{"type":"block"},"condition":{"urlFilter":"||kvitrina.lt/kv/updir/2015/07/mineral_spa_logo-*.jpg^","isUrlFilterCaseSensitive":false},"priority":1},{"id":242,"action":{"type":"block"},"condition":{"urlFilter":"||kvitrina.lt/kv/updir/201*/*-536x*.jpg^","isUrlFilterCaseSensitive":false},"priority":1},{"id":243,"action":{"type":"block"},"condition":{"urlFilter":"||kvitrina.lt/kv/updir/2020/07/*stovykla*.jpg","isUrlFilterCaseSensitive":false},"priority":1},{"id":244,"action":{"type":"block"},"condition":{"urlFilter":"||kvitrina.lt/kv/updir/2020/08/*_2019_*.jpg^","isUrlFilterCaseSensitive":false},"priority":1},{"id":245,"action":{"type":"block"},"condition":{"urlFilter":"||l2j.lt/ads/","isUrlFilterCaseSensitive":false},"priority":1},{"id":246,"action":{"type":"block"},"condition":{"urlFilter":"||l2r.xz.lt/l2rbanners/","isUrlFilterCaseSensitive":false},"priority":1},{"id":247,"action":{"type":"block"},"condition":{"urlFilter":"||l2servers.com/promo","isUrlFilterCaseSensitive":false},"priority":1},{"id":248,"action":{"type":"block"},"condition":{"urlFilter":"||laisvaslaikrastis.lt/images/reklaminiai/","isUrlFilterCaseSensitive":false},"priority":1},{"id":249,"action":{"type":"block"},"condition":{"urlFilter":"||lavinantys.lt/shop/out/oxbaseshop/html/2/images","isUrlFilterCaseSensitive":false},"priority":1},{"id":250,"action":{"type":"block"},"condition":{"urlFilter":"||legacy.flirtas.lt/alfa/users_block/","isUrlFilterCaseSensitive":false},"priority":1},{"id":251,"action":{"type":"block"},"condition":{"urlFilter":"||lilijairsaulius.ucoz.de/Ikonos/Unbenannt.png","isUrlFilterCaseSensitive":false},"priority":1},{"id":252,"action":{"type":"block"},"condition":{"urlFilter":"||lineager.lt/images/kyc1.gif","isUrlFilterCaseSensitive":false},"priority":1},{"id":253,"action":{"type":"block"},"condition":{"urlFilter":"||lineager.lt/images/kyc2.jpg","isUrlFilterCaseSensitive":false},"priority":1},{"id":254,"action":{"type":"block"},"condition":{"urlFilter":"||lkl.lt/wp-content/themes/lkl/js/fancybox/jquery.fancybox.pack.js","isUrlFilterCaseSensitive":false},"priority":1},{"id":255,"action":{"type":"block"},"condition":{"urlFilter":"||lkl.lt/banners_new/","domainType":"firstParty","resourceTypes":["image"],"isUrlFilterCaseSensitive":false},"priority":102},{"id":256,"action":{"type":"block"},"condition":{"urlFilter":"||lmg.lt/kiti/img/vip_reklama2.png","isUrlFilterCaseSensitive":false},"priority":1},{"id":257,"action":{"type":"block"},"condition":{"urlFilter":"||lombas.lt/image/gmx/","isUrlFilterCaseSensitive":false},"priority":1},{"id":258,"action":{"type":"block"},"condition":{"urlFilter":"||lova.lt/files/uploads/images/sitefriends/","isUrlFilterCaseSensitive":false},"priority":1},{"id":259,"action":{"type":"block"},"condition":{"urlFilter":"||lova.lt/uno/bigbank_","isUrlFilterCaseSensitive":false},"priority":1},{"id":260,"action":{"type":"block"},"condition":{"urlFilter":"||lt.tonybet.com/tonybetpoker?trc=","isUrlFilterCaseSensitive":false},"priority":1},{"id":261,"action":{"type":"block"},"condition":{"urlFilter":"||lyderis.eu/wp-content/uploads/2010/11/LL_logo2_300_50.png","isUrlFilterCaseSensitive":false},"priority":1},{"id":262,"action":{"type":"block"},"condition":{"urlFilter":"||lyderis.eu/wp-content/uploads/2010/11/logo-1.jpg","isUrlFilterCaseSensitive":false},"priority":1},{"id":263,"action":{"type":"block"},"condition":{"urlFilter":"||lyderis.eu/wp-content/uploads/2011/10/agito300x300.gif","isUrlFilterCaseSensitive":false},"priority":1},{"id":264,"action":{"type":"block"},"condition":{"urlFilter":"||lzinios.lt/lzinios/failai/video/","isUrlFilterCaseSensitive":false},"priority":1},{"id":265,"action":{"type":"block"},"condition":{"urlFilter":"||macpartija.lt/images/stories/ishop.png","isUrlFilterCaseSensitive":false},"priority":1},{"id":266,"action":{"type":"block"},"condition":{"urlFilter":"||macpartija.lt/images/stories/telefix_175x80.png","isUrlFilterCaseSensitive":false},"priority":1},{"id":267,"action":{"type":"block"},"condition":{"urlFilter":"||maistobankas.lt/uploads/user/image/maisto-svaistymas-naujas.gif","isUrlFilterCaseSensitive":false},"priority":1},{"id":268,"action":{"type":"block"},"condition":{"urlFilter":"||maldeikiene.lt/wp-content/uploads/2015/10/PensijosFondas.lt_.png","isUrlFilterCaseSensitive":false},"priority":1},{"id":269,"action":{"type":"block"},"condition":{"urlFilter":"||mama.lt/Uploads/UGallery/photos/ad/bb/8a/2f/adbb8a2f2310e49a3958169037e7d057.jpg","isUrlFilterCaseSensitive":false},"priority":1},{"id":270,"action":{"type":"block"},"condition":{"urlFilter":"||mamairvaikas.lt/tvs/failai/2012/08/moteris-info2-e1345913451356.jpg","isUrlFilterCaseSensitive":false},"priority":1},{"id":271,"action":{"type":"block"},"condition":{"urlFilter":"||mamosgidas.lt/uploads/images/modifast.jpg","isUrlFilterCaseSensitive":false},"priority":1},{"id":272,"action":{"type":"block"},"condition":{"urlFilter":"||mamosgidas.lt/uploads/images/ngc2.gif","isUrlFilterCaseSensitive":false},"priority":1},{"id":273,"action":{"type":"block"},"condition":{"urlFilter":"||mamoszurnalas.lt/multisites/mamoszurnalas/images/stories/logotipai/ikimpokyklinis.jpg","isUrlFilterCaseSensitive":false},"priority":1},{"id":274,"action":{"type":"block"},"condition":{"urlFilter":"||manonamai.lt/newsfeed/","isUrlFilterCaseSensitive":false},"priority":1},{"id":275,"action":{"type":"block"},"condition":{"urlFilter":"||masazonamai.lt/imunitetas.gif","isUrlFilterCaseSensitive":false},"priority":1},{"id":276,"action":{"type":"block"},"condition":{"urlFilter":"||masazonamai.lt/kleopatra%2060x120.jpg","isUrlFilterCaseSensitive":false},"priority":1},{"id":277,"action":{"type":"block"},"condition":{"urlFilter":"||medicina.lt/r/","isUrlFilterCaseSensitive":false},"priority":1},{"id":278,"action":{"type":"block"},"condition":{"urlFilter":"||meileslegendos.lt/wp-content/uploads/2014/02/fotografas.png","isUrlFilterCaseSensitive":false},"priority":1},{"id":279,"action":{"type":"block"},"condition":{"urlFilter":"||meileslegendos.lt/wp-content/uploads/2014/02/mergvakario-baneris_legendos.jpg","isUrlFilterCaseSensitive":false},"priority":1},{"id":280,"action":{"type":"block"},"condition":{"urlFilter":"||meileslegendos.lt/wp-content/uploads/2014/03/vestuviu-fotografai.jpg","isUrlFilterCaseSensitive":false},"priority":1},{"id":281,"action":{"type":"block"},"condition":{"urlFilter":"||meileslegendos.lt/wp-content/uploads/2014/04/Ivory.png","isUrlFilterCaseSensitive":false},"priority":1},{"id":282,"action":{"type":"block"},"condition":{"urlFilter":"||meniu.lt/uploads/user_images/Ozonas_virselis_Maistas_250pix.jpg","isUrlFilterCaseSensitive":false},"priority":1},{"id":283,"action":{"type":"block"},"condition":{"urlFilter":"||meniu.lt/uploads/user_images/RV41_cover.jpg","isUrlFilterCaseSensitive":false},"priority":1},{"id":284,"action":{"type":"block"},"condition":{"urlFilter":"||meteoprog.lt/lt/informerget/?type=4&city[]=Gargzdai&color=E45700&txtcolor=FFFF00&day=tommorow","isUrlFilterCaseSensitive":false},"priority":1},{"id":285,"action":{"type":"block"},"condition":{"urlFilter":"||miestugatves.lt/nuolaida-","isUrlFilterCaseSensitive":false},"priority":1},{"id":286,"action":{"type":"block"},"condition":{"urlFilter":"||minfo.lt/img/dovana-dukrai.jpg","isUrlFilterCaseSensitive":false},"priority":1},{"id":287,"action":{"type":"block"},"condition":{"urlFilter":"||minfo.lt/img/horizontal_main.jpg","isUrlFilterCaseSensitive":false},"priority":1},{"id":288,"action":{"type":"block"},"condition":{"urlFilter":"||minfo.lt/img/laiminga.png","isUrlFilterCaseSensitive":false},"priority":1},{"id":289,"action":{"type":"block"},"condition":{"urlFilter":"||minfo.lt/img/muscle.gif","isUrlFilterCaseSensitive":false},"priority":1},{"id":290,"action":{"type":"block"},"condition":{"urlFilter":"||minfo.lt/img/vertical_","isUrlFilterCaseSensitive":false},"priority":1},{"id":291,"action":{"type":"block"},"condition":{"urlFilter":"||minfo.lt/img/zaidimas.jpg","isUrlFilterCaseSensitive":false},"priority":1},{"id":292,"action":{"type":"block"},"condition":{"urlFilter":"||miskobirza.lt/images/news/Baneris1_120x60[1].JPG","isUrlFilterCaseSensitive":false},"priority":1},{"id":293,"action":{"type":"block"},"condition":{"urlFilter":"||miskobirza.lt/images/texts/ad","isUrlFilterCaseSensitive":false},"priority":1},{"id":294,"action":{"type":"block"},"condition":{"urlFilter":"||miskobirza.lt/images/texts/miskui_lt_90x55_1[1].jpg","isUrlFilterCaseSensitive":false},"priority":1},{"id":295,"action":{"type":"block"},"condition":{"urlFilter":"||miskobirza.lt/images/texts/sanit.jpg","isUrlFilterCaseSensitive":false},"priority":1},{"id":296,"action":{"type":"block"},"condition":{"urlFilter":"||miskobirza.lt/images/users_ads/","isUrlFilterCaseSensitive":false},"priority":1},{"id":297,"action":{"type":"block"},"condition":{"urlFilter":"||miskui.lt/images/news/sip-1.jpg","isUrlFilterCaseSensitive":false},"priority":1},{"id":298,"action":{"type":"block"},"condition":{"urlFilter":"||monetupiramide.lt/skydelis-150.png","isUrlFilterCaseSensitive":false},"priority":1},{"id":299,"action":{"type":"block"},"condition":{"urlFilter":"||mokilizingas.lt^","initiatorDomains":["kilobaitas.lt","trajektorija.lt","baitukas.lt","primtech.lt","technoringas.lt","valmanta.lt","rigveda.lt"],"resourceTypes":["sub_frame"],"isUrlFilterCaseSensitive":false},"priority":216},{"id":300,"action":{"type":"block"},"condition":{"urlFilter":"||mususavaite.lt/wp-content/uploads/2014/05/aeroklubas.png","isUrlFilterCaseSensitive":false},"priority":1},{"id":301,"action":{"type":"block"},"condition":{"urlFilter":"||mususavaite.lt/wp-content/uploads/2014/05/miesto_dienos.png","isUrlFilterCaseSensitive":false},"priority":1},{"id":302,"action":{"type":"block"},"condition":{"urlFilter":"||nailbar.lt/images/stories/nuolaidos/","isUrlFilterCaseSensitive":false},"priority":1},{"id":303,"action":{"type":"block"},"condition":{"urlFilter":"||nesijuok.lt/images/buliausgalia.gif","isUrlFilterCaseSensitive":false},"priority":1},{"id":304,"action":{"type":"block"},"condition":{"urlFilter":"||niekonaujo.lt/wp-content/uploads/2010/12/serveriai_logo.png","isUrlFilterCaseSensitive":false},"priority":1},{"id":305,"action":{"type":"block"},"condition":{"urlFilter":"||nuotykiu-lenktynes.pramoguslenis.lt/failai/iliustracijos/2013/Generalinis_KAS.gif","isUrlFilterCaseSensitive":false},"priority":1},{"id":306,"action":{"type":"block"},"condition":{"urlFilter":"||nuotykiu-lenktynes.pramoguslenis.lt/failai/iliustracijos/2014/Pagr_remejai_AIC-Imenza_S-Sportas.gif","isUrlFilterCaseSensitive":false},"priority":1},{"id":307,"action":{"type":"block"},"condition":{"urlFilter":"||nuotykiu-lenktynes.pramoguslenis.lt/failai/iliustracijos/2014/s_sportas_LOGOTIPAS_horizontalus_small.jpg","isUrlFilterCaseSensitive":false},"priority":1},{"id":308,"action":{"type":"block"},"condition":{"urlFilter":"||nuotykiu-lenktynes.pramoguslenis.lt/failai/iliustracijos/2014/SmaPro.JPG","isUrlFilterCaseSensitive":false},"priority":1},{"id":309,"action":{"type":"block"},"condition":{"urlFilter":"||nuotykiu-lenktynes.pramoguslenis.lt/failai/iliustracijos/AiC%20logo%20copy_2.JPG","isUrlFilterCaseSensitive":false},"priority":1},{"id":310,"action":{"type":"block"},"condition":{"urlFilter":"||nyksciai.lt/images/*_200x200*.gif","isUrlFilterCaseSensitive":false},"priority":1},{"id":311,"action":{"type":"block"},"condition":{"urlFilter":"||nyksciai.lt/images/1551.jpg","isUrlFilterCaseSensitive":false},"priority":1},{"id":312,"action":{"type":"block"},"condition":{"urlFilter":"||nyksciai.lt/images/a_k_banner1.jpg","isUrlFilterCaseSensitive":false},"priority":1},{"id":313,"action":{"type":"block"},"condition":{"urlFilter":"||nyksciai.lt/images/anyksciu_vandenys_160.jpg","isUrlFilterCaseSensitive":false},"priority":1},{"id":314,"action":{"type":"block"},"condition":{"urlFilter":"||nyksciai.lt/images/anyksciu_vynas_2014_1.gif","isUrlFilterCaseSensitive":false},"priority":1},{"id":315,"action":{"type":"block"},"condition":{"urlFilter":"||nyksciai.lt/images/baidariu_nuoma.gif","isUrlFilterCaseSensitive":false},"priority":1},{"id":316,"action":{"type":"block"},"condition":{"urlFilter":"||nyksciai.lt/images/edox_200x91.gif","isUrlFilterCaseSensitive":false},"priority":1},{"id":317,"action":{"type":"block"},"condition":{"urlFilter":"||nyksciai.lt/images/futbolo_sporto_klubas.jpg","isUrlFilterCaseSensitive":false},"priority":1},{"id":318,"action":{"type":"block"},"condition":{"urlFilter":"||nyksciai.lt/images/jaros_prekyba_140403_1.gif","isUrlFilterCaseSensitive":false},"priority":1},{"id":319,"action":{"type":"block"},"condition":{"urlFilter":"||nyksciai.lt/images/kompeksa_200x150","isUrlFilterCaseSensitive":false},"priority":1},{"id":320,"action":{"type":"block"},"condition":{"urlFilter":"||nyksciai.lt/images/nominacijos.gif","isUrlFilterCaseSensitive":false},"priority":1},{"id":321,"action":{"type":"block"},"condition":{"urlFilter":"||nyksciai.lt/images/nyksciai_168x91.gif","isUrlFilterCaseSensitive":false},"priority":1},{"id":322,"action":{"type":"block"},"condition":{"urlFilter":"||nyksciai.lt/images/res_banner.jpg","isUrlFilterCaseSensitive":false},"priority":1},{"id":323,"action":{"type":"block"},"condition":{"urlFilter":"||nyksciai.lt/images/sportas_1.jpg","isUrlFilterCaseSensitive":false},"priority":1},{"id":324,"action":{"type":"block"},"condition":{"urlFilter":"||nyksciai.lt/images/sveikatos_oaze_982x110new1","isUrlFilterCaseSensitive":false},"priority":1},{"id":325,"action":{"type":"block"},"condition":{"urlFilter":"||offers.webitas.lt/o-images","isUrlFilterCaseSensitive":false},"priority":1},{"id":326,"action":{"type":"block"},"condition":{"urlFilter":"||opti-myst.lt/wp-content/uploads/2014/05/linava_2.jpg","isUrlFilterCaseSensitive":false},"priority":1},{"id":327,"action":{"type":"block"},"condition":{"urlFilter":"||pasidarykpats.eu/wp-content/uploads/2012/09/pasidaryk120.png","isUrlFilterCaseSensitive":false},"priority":1},{"id":328,"action":{"type":"block"},"condition":{"urlFilter":"||pasidarykpats.eu/wp-content/uploads/2012/09/pasidaryk468.png","isUrlFilterCaseSensitive":false},"priority":1},{"id":329,"action":{"type":"block"},"condition":{"urlFilter":"||perku.lt/uploads/taupiems_tapetas.gif","isUrlFilterCaseSensitive":false},"priority":1},{"id":330,"action":{"type":"block"},"condition":{"urlFilter":"||15min.lt/static/cache/*adblock*.jpg|","isUrlFilterCaseSensitive":false},"priority":1},{"id":331,"action":{"type":"block"},"condition":{"urlFilter":"||perkuvaikui.lt/media/upload/image/Beautyline%20ban%20180x180.jpg","isUrlFilterCaseSensitive":false},"priority":1},{"id":332,"action":{"type":"block"},"condition":{"urlFilter":"||perkuvaikui.lt/media/upload/image/kaimai_lt(2).jpg","isUrlFilterCaseSensitive":false},"priority":1},{"id":333,"action":{"type":"block"},"condition":{"urlFilter":"||perkuvaikui.lt/media/upload/image/mamu%20unija-1.png","isUrlFilterCaseSensitive":false},"priority":1},{"id":334,"action":{"type":"block"},"condition":{"urlFilter":"||perkuvaikui.lt/media/upload/image/mokinukas(1).gif","isUrlFilterCaseSensitive":false},"priority":1},{"id":335,"action":{"type":"block"},"condition":{"urlFilter":"||perkuvaikui.lt/media/upload/image/perku%20vaikui1.jpg","isUrlFilterCaseSensitive":false},"priority":1},{"id":336,"action":{"type":"block"},"condition":{"urlFilter":"||perkuvaikui.lt/media/upload/image/Zappy%20baneris%20180x120_frame_2.jpg","isUrlFilterCaseSensitive":false},"priority":1},{"id":337,"action":{"type":"block"},"condition":{"urlFilter":"||perkuvaikui.lt/media/wysiwyg/ARTmanija%20DOVANOS-04.jpg","isUrlFilterCaseSensitive":false},"priority":1},{"id":338,"action":{"type":"block"},"condition":{"urlFilter":"||pho.lt/wp-content/uploads/2009/10/logo.jpg","isUrlFilterCaseSensitive":false},"priority":1},{"id":339,"action":{"type":"block"},"condition":{"urlFilter":"||pho.lt/wp-content/uploads/2009/10/musu_paveldas_150x300.gif","isUrlFilterCaseSensitive":false},"priority":1},{"id":340,"action":{"type":"block"},"condition":{"urlFilter":"||pho.lt/wp-content/uploads/2010/11/300_250px_fotonuoma.gif","isUrlFilterCaseSensitive":false},"priority":1},{"id":341,"action":{"type":"block"},"condition":{"urlFilter":"||pho.lt/wp-content/uploads/2012/06/idomiausios-knygos.jpg","isUrlFilterCaseSensitive":false},"priority":1},{"id":342,"action":{"type":"block"},"condition":{"urlFilter":"||pics.livejournal.com/yourprivatehell/pic/00050ypw","isUrlFilterCaseSensitive":false},"priority":1},{"id":343,"action":{"type":"block"},"condition":{"urlFilter":"||pirkanglijoje.lt/wp-content/themes/pirkebay/images/regi.png","isUrlFilterCaseSensitive":false},"priority":1},{"id":344,"action":{"type":"block"},"condition":{"urlFilter":"||pirkpigiau.lt/shop/images/shop/banners-","isUrlFilterCaseSensitive":false},"priority":1},{"id":345,"action":{"type":"block"},"condition":{"urlFilter":"||pixolain.lt/images/stories/peliuko.jpg","isUrlFilterCaseSensitive":false},"priority":1},{"id":346,"action":{"type":"block"},"condition":{"urlFilter":"||pokalbis.narod.ru/ismok.gif","isUrlFilterCaseSensitive":false},"priority":1},{"id":347,"action":{"type":"block"},"condition":{"urlFilter":"||pokalbis.narod.ru/lietuva_laisva.gif","isUrlFilterCaseSensitive":false},"priority":1},{"id":348,"action":{"type":"block"},"condition":{"urlFilter":"||pramogu.lt/pramogult.png","isUrlFilterCaseSensitive":false},"priority":1},{"id":349,"action":{"type":"block"},"condition":{"urlFilter":"||prekes.suaugusiems.lt/Shop/affiliateFrame.html","isUrlFilterCaseSensitive":false},"priority":1},{"id":350,"action":{"type":"block"},"condition":{"urlFilter":"||priejuros.lt/admin/uploads/baneriai_right","isUrlFilterCaseSensitive":false},"priority":1},{"id":351,"action":{"type":"block"},"condition":{"urlFilter":"||priejuros.lt/imgs/issinuomosiu.gif","isUrlFilterCaseSensitive":false},"priority":1},{"id":352,"action":{"type":"block"},"condition":{"urlFilter":"||prokuraturos.lt/Portals/0/Skins/lrgp/images/banner1.gif","isUrlFilterCaseSensitive":false},"priority":1},{"id":353,"action":{"type":"block"},"condition":{"urlFilter":"||prokuraturos.lt/Portals/0/Skins/lrgp/images/Patarimai.gif","isUrlFilterCaseSensitive":false},"priority":1},{"id":354,"action":{"type":"block"},"condition":{"urlFilter":"||psichika.eu/wp-content/uploads/1/Terapija.jpg","isUrlFilterCaseSensitive":false},"priority":1},{"id":355,"action":{"type":"block"},"condition":{"urlFilter":"||psichika.eu/wp-content/uploads/2014/07/VALGYMO-sutrikimai.jpg","isUrlFilterCaseSensitive":false},"priority":1},{"id":356,"action":{"type":"block"},"condition":{"urlFilter":"||pzemaitis.lt/wp-content/uploads/2013/06/VMI/","isUrlFilterCaseSensitive":false},"priority":1},{"id":357,"action":{"type":"block"},"condition":{"urlFilter":"||r.diena.lt/i/co-sites/","isUrlFilterCaseSensitive":false},"priority":1},{"id":358,"action":{"type":"block"},"condition":{"urlFilter":"||r1.lt/paveiksliukai/*.png","isUrlFilterCaseSensitive":false},"priority":1},{"id":359,"action":{"type":"block"},"condition":{"urlFilter":"||r1.lt/wp-content/uploads/2013/04/fontanas-v-195x168.jpg","isUrlFilterCaseSensitive":false},"priority":1},{"id":360,"action":{"type":"block"},"condition":{"urlFilter":"||rcdrift.lt/2010-07-29/Plakatas%20(1).jpg","isUrlFilterCaseSensitive":false},"priority":1},{"id":361,"action":{"type":"block"},"condition":{"urlFilter":"||rcdrift.lt/putinukas.png","isUrlFilterCaseSensitive":false},"priority":1},{"id":362,"action":{"type":"block"},"condition":{"urlFilter":"||rcmodelis.lt/styles/hestia/theme/images/propeleris.png","isUrlFilterCaseSensitive":false},"priority":1},{"id":363,"action":{"type":"block"},"condition":{"urlFilter":"||receptumedis.lt/wordpress/wp-content/uploads/2012/04/untitled.jpg","isUrlFilterCaseSensitive":false},"priority":1},{"id":364,"action":{"type":"block"},"condition":{"urlFilter":"||receptumedis.lt/wordpress/wp-content/uploads/2013/03/Numeris7Pavasaris2013virselis.jpg","isUrlFilterCaseSensitive":false},"priority":1},{"id":365,"action":{"type":"block"},"condition":{"urlFilter":"||redo.lt/galery/_redo/page/klaipedos_info20110506.png","isUrlFilterCaseSensitive":false},"priority":1},{"id":366,"action":{"type":"block"},"condition":{"urlFilter":"||reitingai.eu/draugai/","isUrlFilterCaseSensitive":false},"priority":1},{"id":367,"action":{"type":"block"},"condition":{"urlFilter":"||rimi.lt/assets/upload/userfiles/images/background/Frette%20fonas%201600x970-3.jpg","isUrlFilterCaseSensitive":false},"priority":1},{"id":368,"action":{"type":"block"},"condition":{"urlFilter":"||rkdragunas.lt/ip_themes/dragunas/rk_pav/","isUrlFilterCaseSensitive":false},"priority":1},{"id":369,"action":{"type":"block"},"condition":{"urlFilter":"||rkl.lt/15min/index.php","isUrlFilterCaseSensitive":false},"priority":1},{"id":370,"action":{"type":"block"},"condition":{"urlFilter":"||russianamerica.com/top/logo/index.php?id=5983","isUrlFilterCaseSensitive":false},"priority":1},{"id":371,"action":{"type":"block"},"condition":{"urlFilter":"||s1.15cdn.lt/img/banners/knorr/knorr_oru_ikonele.png","isUrlFilterCaseSensitive":false},"priority":1},{"id":372,"action":{"type":"block"},"condition":{"urlFilter":"||s1.postimage.org/xh5bk9p2n/siuntos_200x200.jpg","isUrlFilterCaseSensitive":false},"priority":1},{"id":373,"action":{"type":"block"},"condition":{"urlFilter":"||s2.15cdn.lt/images/infoblocks/vaiva-cili-535f717dc89e7.jpg","isUrlFilterCaseSensitive":false},"priority":1},{"id":374,"action":{"type":"block"},"condition":{"urlFilter":"||s2.15cdn.lt/images/infoblocks/versli-lietuva-5371f4a560b08.jpg","isUrlFilterCaseSensitive":false},"priority":1},{"id":375,"action":{"type":"block"},"condition":{"urlFilter":"||sblizingas.lt/skaiciuokle/","initiatorDomains":["skytech.lt","bigbox.lt","avitela.lt","kilobaitas.lt","itsupply.lt","technorama.lt","iwow.lt","fortakas.lt","primtech.lt","topocentras.lt","ermitazas.lt"],"resourceTypes":["sub_frame"],"isUrlFilterCaseSensitive":false},"priority":211},{"id":376,"action":{"type":"block"},"condition":{"urlFilter":"||savaite.lt/uploads/bnr/","isUrlFilterCaseSensitive":false},"priority":1},{"id":377,"action":{"type":"block"},"condition":{"urlFilter":"||seksas.us/REK/*.jpg","isUrlFilterCaseSensitive":false},"priority":1},{"id":378,"action":{"type":"block"},"condition":{"urlFilter":"||selonija.lt/selonija_draugai/","isUrlFilterCaseSensitive":false},"priority":1},{"id":379,"action":{"type":"block"},"condition":{"urlFilter":"||sgg.lt/uploads/images/sgg120x60.jpg","isUrlFilterCaseSensitive":false},"priority":1},{"id":380,"action":{"type":"block"},"condition":{"urlFilter":"||silaine.lt/Kase/Silokarcema2.gif","isUrlFilterCaseSensitive":false},"priority":1},{"id":381,"action":{"type":"block"},"condition":{"urlFilter":"||silaine.lt/m/wp-content/uploads/2013/11/MLA-2.gif","isUrlFilterCaseSensitive":false},"priority":1},{"id":382,"action":{"type":"block"},"condition":{"urlFilter":"||siloaidas.lt/wp-content/uploads/2012/12/Logotipas1.jpg","isUrlFilterCaseSensitive":false},"priority":1},{"id":383,"action":{"type":"block"},"condition":{"urlFilter":"||skaiciuokle.gf.lt/calculators/display","isUrlFilterCaseSensitive":false},"priority":1},{"id":384,"action":{"type":"block"},"condition":{"urlFilter":"||skelbiu-files.dgn.lt/blplc_0_","isUrlFilterCaseSensitive":false},"priority":1},{"id":385,"action":{"type":"block"},"condition":{"urlFilter":"||skrastas.lt/galery/_skrastas/banners/","isUrlFilterCaseSensitive":false},"priority":1},{"id":386,"action":{"type":"block"},"condition":{"urlFilter":"||smartseo.lt/*.png","isUrlFilterCaseSensitive":false},"priority":1},{"id":387,"action":{"type":"block"},"condition":{"urlFilter":"||solisun.lt/?_nm_shot=files.1.2-329&_nm_nosession=1","isUrlFilterCaseSensitive":false},"priority":1},{"id":388,"action":{"type":"block"},"condition":{"urlFilter":"||spainetosdraudimas.lt/uploads/images/banner","isUrlFilterCaseSensitive":false},"priority":1},{"id":389,"action":{"type":"block"},"condition":{"urlFilter":"||spainetosdraudimas.lt/uploads/images/sadomaksa_ct_cs.gif","isUrlFilterCaseSensitive":false},"priority":1},{"id":390,"action":{"type":"block"},"condition":{"urlFilter":"||spainetosdraudimas.lt/uploads/images/Vart-ban-220x100(1)b.jpg","isUrlFilterCaseSensitive":false},"priority":1},{"id":391,"action":{"type":"block"},"condition":{"urlFilter":"||spargalka.lt/images/filmai.gif","isUrlFilterCaseSensitive":false},"priority":1},{"id":392,"action":{"type":"block"},"condition":{"urlFilter":"||spausdink-ilgiau.lt/image/cache/data/img/mokilizingas-182x182-182x182.png","isUrlFilterCaseSensitive":false},"priority":1},{"id":393,"action":{"type":"block"},"condition":{"urlFilter":"||sport24.lt/uploads/NET4.png","isUrlFilterCaseSensitive":false},"priority":1},{"id":394,"action":{"type":"block"},"condition":{"urlFilter":"||sportas.lt/Uploads/image/03_klasika_2200x1024.jpg","isUrlFilterCaseSensitive":false},"priority":1},{"id":395,"action":{"type":"block"},"condition":{"urlFilter":"||sportas.lt/Uploads/image/Naujasis%20tapetas%20be%20vir%C5%A1aus.jpg","isUrlFilterCaseSensitive":false},"priority":1},{"id":396,"action":{"type":"block"},"condition":{"urlFilter":"||static.autoplius.lt/static/images/desktop/landing_page/featured_promotion/ap_loan_promotion_08.png","domainType":"firstParty","resourceTypes":["image"],"isUrlFilterCaseSensitive":false},"priority":102},{"id":397,"action":{"type":"block"},"condition":{"urlFilter":"||suaugusiems.lt/Uploads/Affiliates/","isUrlFilterCaseSensitive":false},"priority":1},{"id":398,"action":{"type":"block"},"condition":{"urlFilter":"||suru.lt/srwrd/wp-content/themes/scarlett/images/sponsors/LELO_PLEASURE_OBJECTS.png","isUrlFilterCaseSensitive":false},"priority":1},{"id":399,"action":{"type":"block"},"condition":{"urlFilter":"||suru.lt/srwrd/wp-content/uploads/mBanner/banners/","isUrlFilterCaseSensitive":false},"priority":1},{"id":400,"action":{"type":"block"},"condition":{"urlFilter":"||suvalkai.lt/wp-content/uploads/2014/bigbus.gif^","isUrlFilterCaseSensitive":false},"priority":1},{"id":401,"action":{"type":"block"},"condition":{"urlFilter":"||sveikatosabc.lt/templates/main/images/skradio.jpg","isUrlFilterCaseSensitive":false},"priority":1},{"id":402,"action":{"type":"block"},"condition":{"urlFilter":"||tavovaikams.lt//cshowimage/augantys_rasomieji_stalai_vaikams_akcija6264s.jpg/165/170","isUrlFilterCaseSensitive":false},"priority":1},{"id":403,"action":{"type":"block"},"condition":{"urlFilter":"||tavovaikams.lt//cshowimage/mamairvaik._180_5207s.jpg/165/170","isUrlFilterCaseSensitive":false},"priority":1},{"id":404,"action":{"type":"block"},"condition":{"urlFilter":"||technologijos.lt/archyvas/skydeliai_mainams/","isUrlFilterCaseSensitive":false},"priority":1},{"id":405,"action":{"type":"block"},"condition":{"urlFilter":"||technologijos.lt/infoBlockEN","isUrlFilterCaseSensitive":false},"priority":1},{"id":406,"action":{"type":"block"},"condition":{"urlFilter":"||technologijos.lt/n/iframe_baneris","isUrlFilterCaseSensitive":false},"priority":1},{"id":407,"action":{"type":"block"},"condition":{"urlFilter":"||technologijos.lt/n/url/straipsnio_viduje/iframe_baneris","isUrlFilterCaseSensitive":false},"priority":1},{"id":408,"action":{"type":"block"},"condition":{"urlFilter":"||technologijos.lt/upload/image/n/iliustracijos/skelbimu_logotipai/ban/","isUrlFilterCaseSensitive":false},"priority":1},{"id":409,"action":{"type":"block"},"condition":{"urlFilter":"||technologijos.lt/upload/image/*/980x200.jpg","domainType":"firstParty","resourceTypes":["image"],"isUrlFilterCaseSensitive":false},"priority":102},{"id":410,"action":{"type":"block"},"condition":{"urlFilter":"||technologijos.lt/upload/image/iliustracijos/ivairus^","isUrlFilterCaseSensitive":false},"priority":1},{"id":411,"action":{"type":"block"},"condition":{"urlFilter":"||www.technologijos.lt/upload/image/iliustracijos/11/980-LT.gif","resourceTypes":["image"],"isUrlFilterCaseSensitive":false},"priority":101},{"id":412,"action":{"type":"block"},"condition":{"urlFilter":"||tekstai.lt/images/stories/draugai/","isUrlFilterCaseSensitive":false},"priority":1},{"id":413,"action":{"type":"block"},"condition":{"urlFilter":"||teo.lt/akcijoms/uzsakymoformos/kontaktai3.php?no_close","isUrlFilterCaseSensitive":false},"priority":1},{"id":414,"action":{"type":"block"},"condition":{"urlFilter":"||tevu-darzelis.lt/img/hot-stuff/happeak-ispardavimas.jpg","isUrlFilterCaseSensitive":false},"priority":1},{"id":415,"action":{"type":"block"},"condition":{"urlFilter":"||skaiciuokles.inbank.lt^","initiatorDomains":["www.topocentras.lt","itwork.lt","kmobiles.lt","gitana.lt","ermitazas.lt"],"isUrlFilterCaseSensitive":false},"priority":121},{"id":416,"action":{"type":"block"},"condition":{"urlFilter":"||themusic.lt/images/geramada12x120.gif","isUrlFilterCaseSensitive":false},"priority":1},{"id":417,"action":{"type":"block"},"condition":{"urlFilter":"||themusic.lt/images/imknuolaida2.png","isUrlFilterCaseSensitive":false},"priority":1},{"id":418,"action":{"type":"block"},"condition":{"urlFilter":"||themusic.lt/images/thesport.png","isUrlFilterCaseSensitive":false},"priority":1},{"id":419,"action":{"type":"block"},"condition":{"urlFilter":"||themusic.lt/images/vienisi.png","isUrlFilterCaseSensitive":false},"priority":1},{"id":420,"action":{"type":"block"},"condition":{"urlFilter":"||tiketa.lt/files/2014.04/id_18980.jpg","isUrlFilterCaseSensitive":false},"priority":1},{"id":421,"action":{"type":"block"},"condition":{"urlFilter":"||tinypic.com/2yos7f7.png","isUrlFilterCaseSensitive":false},"priority":1},{"id":422,"action":{"type":"block"},"condition":{"urlFilter":"||tinypic.com/k4vxvm.gif","isUrlFilterCaseSensitive":false},"priority":1},{"id":423,"action":{"type":"block"},"condition":{"urlFilter":"||torentai.lt/pic/ldiena.png","isUrlFilterCaseSensitive":false},"priority":1},{"id":424,"action":{"type":"block"},"condition":{"urlFilter":"||torentai.lt/pic/logo_mazas.png","isUrlFilterCaseSensitive":false},"priority":1},{"id":425,"action":{"type":"block"},"condition":{"urlFilter":"||torrent.ai/*/advise/","isUrlFilterCaseSensitive":false},"priority":1},{"id":426,"action":{"type":"block"},"condition":{"urlFilter":"||torrent.lt/*/advise/","isUrlFilterCaseSensitive":false},"priority":1},{"id":427,"action":{"type":"block"},"condition":{"urlFilter":"||toxnet.nlm.nih.gov/help/widget/lactmed_widget_large.html","isUrlFilterCaseSensitive":false},"priority":1},{"id":428,"action":{"type":"block"},"condition":{"urlFilter":"||transplantacija.lt/images/15min.png","isUrlFilterCaseSensitive":false},"priority":1},{"id":429,"action":{"type":"block"},"condition":{"urlFilter":"||transplantacija.lt/images/novartis.png","isUrlFilterCaseSensitive":false},"priority":1},{"id":430,"action":{"type":"block"},"condition":{"urlFilter":"||travianas.lt/images/2007/zaidimai-01.gif","isUrlFilterCaseSensitive":false},"priority":1},{"id":431,"action":{"type":"block"},"condition":{"urlFilter":"||travianas.lt/images/2008/travian-lt-03.jpg","isUrlFilterCaseSensitive":false},"priority":1},{"id":432,"action":{"type":"block"},"condition":{"urlFilter":"||triada.lt/image/data/image001.png","isUrlFilterCaseSensitive":false},"priority":1},{"id":433,"action":{"type":"block"},"condition":{"urlFilter":"||triada.lt/image/data/Lazer-250x250-1.jpg","isUrlFilterCaseSensitive":false},"priority":1},{"id":434,"action":{"type":"block"},"condition":{"urlFilter":"||trl.lt/di-JQOX06.jpg","isUrlFilterCaseSensitive":false},"priority":1},{"id":435,"action":{"type":"block"},"condition":{"urlFilter":"||tv3.lt/Uploads/2454399.jpg","isUrlFilterCaseSensitive":false},"priority":1},{"id":436,"action":{"type":"block"},"condition":{"urlFilter":"||tv3.lt/Uploads/banner_300x250(1).png","isUrlFilterCaseSensitive":false},"priority":1},{"id":437,"action":{"type":"block"},"condition":{"urlFilter":"||tv3.lt/Uploads/image/000/indeliaiLT_baneris__300x200.jpg","isUrlFilterCaseSensitive":false},"priority":1},{"id":438,"action":{"type":"block"},"condition":{"urlFilter":"||tv3.lt/Uploads/image/pwr.jpg","isUrlFilterCaseSensitive":false},"priority":1},{"id":439,"action":{"type":"block"},"condition":{"urlFilter":"||tv3.lt/Uploads/kalediniai_DM_tapetas.jpg","isUrlFilterCaseSensitive":false},"priority":1},{"id":440,"action":{"type":"block"},"condition":{"urlFilter":"||tv3.lt/Uploads/wp_danai.jpg","isUrlFilterCaseSensitive":false},"priority":1},{"id":441,"action":{"type":"block"},"condition":{"urlFilter":"||twickerz.com/banner/125x125.gif","isUrlFilterCaseSensitive":false},"priority":1},{"id":442,"action":{"type":"block"},"condition":{"urlFilter":"||ubl.lt/skaiciuokle/calculator.php","isUrlFilterCaseSensitive":false},"priority":1},{"id":443,"action":{"type":"block"},"condition":{"urlFilter":"||urmas.net/upload/rk/","isUrlFilterCaseSensitive":false},"priority":1},{"id":444,"action":{"type":"block"},"condition":{"urlFilter":"||vairuokime.lt/img/lyoness.png","isUrlFilterCaseSensitive":false},"priority":1},{"id":445,"action":{"type":"block"},"condition":{"urlFilter":"||valstietis.lt/bn/","isUrlFilterCaseSensitive":false},"priority":1},{"id":446,"action":{"type":"block"},"condition":{"urlFilter":"||veberis.com/banner/","isUrlFilterCaseSensitive":false},"priority":1},{"id":447,"action":{"type":"block"},"condition":{"urlFilter":"||veberis.com/foto/balionucentras/balionai.jpg","isUrlFilterCaseSensitive":false},"priority":1},{"id":448,"action":{"type":"block"},"condition":{"urlFilter":"||veberis.com/images/virselis_26.jpg","isUrlFilterCaseSensitive":false},"priority":1},{"id":449,"action":{"type":"block"},"condition":{"urlFilter":"||vela.lt/images/additional/footmate3.jpg","domainType":"firstParty","resourceTypes":["image"],"isUrlFilterCaseSensitive":false},"priority":102},{"id":450,"action":{"type":"block"},"condition":{"urlFilter":"||vendors.lt/pics/dumblascom.gif","isUrlFilterCaseSensitive":false},"priority":1},{"id":451,"action":{"type":"block"},"condition":{"urlFilter":"||vendors.lt/pics/hero.png","isUrlFilterCaseSensitive":false},"priority":1},{"id":452,"action":{"type":"block"},"condition":{"urlFilter":"||vendors.lt/pics/linkuva.gif","isUrlFilterCaseSensitive":false},"priority":1},{"id":453,"action":{"type":"block"},"condition":{"urlFilter":"||versijos.lt/wp-content/uploads/2015/07/Parama-tinklapiui.jpg","isUrlFilterCaseSensitive":false},"priority":1},{"id":454,"action":{"type":"block"},"condition":{"urlFilter":"||verslovirusas.lt/wp-content/uploads/2013/10/logovisi.png","isUrlFilterCaseSensitive":false},"priority":1},{"id":455,"action":{"type":"block"},"condition":{"urlFilter":"||vienaturis.lt/detales2.gif","isUrlFilterCaseSensitive":false},"priority":1},{"id":456,"action":{"type":"block"},"condition":{"urlFilter":"||viktorijosvestuves.lt/blog/wp-content/uploads/2011/10/fotoperlas.jpg","isUrlFilterCaseSensitive":false},"priority":1},{"id":457,"action":{"type":"block"},"condition":{"urlFilter":"||viktorijosvestuves.lt/blog/wp-content/uploads/2013/07/idw.png","isUrlFilterCaseSensitive":false},"priority":1},{"id":458,"action":{"type":"block"},"condition":{"urlFilter":"||vilniaus-turtas.lt/images/isikelk.gif","isUrlFilterCaseSensitive":false},"priority":1},{"id":459,"action":{"type":"block"},"condition":{"urlFilter":"||vilniausgidas.lt/wp-content/uploads/2013/05/vorutos-logo.jpg","isUrlFilterCaseSensitive":false},"priority":1},{"id":460,"action":{"type":"block"},"condition":{"urlFilter":"||vilniausgidas.lt/wp-content/uploads/2013/06/G.clips_.png","isUrlFilterCaseSensitive":false},"priority":1},{"id":461,"action":{"type":"block"},"condition":{"urlFilter":"||visalietuva.lt/companies/banners/","isUrlFilterCaseSensitive":false},"priority":1},{"id":462,"action":{"type":"block"},"condition":{"urlFilter":"||viskasvestuvems.eu/images/Paslaugos/patalpos/alauso/alausoslenis.gif","isUrlFilterCaseSensitive":false},"priority":1},{"id":463,"action":{"type":"block"},"condition":{"urlFilter":"||vz.lt/images/publicationimages/c8e2a76c-d6ea-461b-8fa8-215a54ed4c4a.jpg","isUrlFilterCaseSensitive":false},"priority":1},{"id":464,"action":{"type":"block"},"condition":{"urlFilter":"||vz.lt/img/logos/cv.png","isUrlFilterCaseSensitive":false},"priority":1},{"id":465,"action":{"type":"block"},"condition":{"urlFilter":"||wad.ojooo.com/bs_b_en.php?u=226712","isUrlFilterCaseSensitive":false},"priority":1},{"id":466,"action":{"type":"block"},"condition":{"urlFilter":"||wildcat.lt/Images/Wildcat_180.gif","isUrlFilterCaseSensitive":false},"priority":1},{"id":467,"action":{"type":"block"},"condition":{"urlFilter":"||wp.com/www.myliusoda.lt/wp-content/uploads/2018/03/ali-sale.png","isUrlFilterCaseSensitive":false},"priority":1},{"id":468,"action":{"type":"block"},"condition":{"urlFilter":"||xn--kl-9ma74a8c.lt/images/angleris.jpg","isUrlFilterCaseSensitive":false},"priority":1},{"id":469,"action":{"type":"block"},"condition":{"urlFilter":"||xtgem.com/images/banners/32x32.gif","isUrlFilterCaseSensitive":false},"priority":1},{"id":470,"action":{"type":"block"},"condition":{"urlFilter":"||zigzag.lt/Laiskai/img/zigzag_stovyklos_280x169.jpg","isUrlFilterCaseSensitive":false},"priority":1},{"id":471,"action":{"type":"block"},"condition":{"urlFilter":"||zindyk.lt/wp-content/themes/purple-pastels/images/MamaIrTetisLOGO.png","isUrlFilterCaseSensitive":false},"priority":1},{"id":472,"action":{"type":"block"},"condition":{"urlFilter":"||zindyk.lt/wp-content/themes/purple-pastels/images/nesiokles.png","isUrlFilterCaseSensitive":false},"priority":1},{"id":473,"action":{"type":"block"},"condition":{"urlFilter":"||zindymas.lt/sites/zindymas.lt/files/la_leche_banner_0.jpg","isUrlFilterCaseSensitive":false},"priority":1},{"id":474,"action":{"type":"block"},"condition":{"urlFilter":"||zindymas.lt/sites/zindymas.lt/files/MilkSENSE.jpg","isUrlFilterCaseSensitive":false},"priority":1},{"id":475,"action":{"type":"block"},"condition":{"urlFilter":"||zindymas.lt/sites/zindymas.lt/files/ptc-logo2.png","isUrlFilterCaseSensitive":false},"priority":1},{"id":476,"action":{"type":"block"},"condition":{"urlFilter":"||elektronika.lt/*150x32_*","resourceTypes":["image"],"isUrlFilterCaseSensitive":false},"priority":101},{"id":477,"action":{"type":"block"},"condition":{"urlFilter":"||elektronika.lt/*150x32.*","resourceTypes":["image"],"isUrlFilterCaseSensitive":false},"priority":101},{"id":478,"action":{"type":"block"},"condition":{"urlFilter":"||world^","initiatorDomains":["filmux.to"],"resourceTypes":["xmlhttprequest"],"isUrlFilterCaseSensitive":false},"priority":301},{"id":479,"action":{"type":"block"},"condition":{"urlFilter":"||info^","initiatorDomains":["filmux.to"],"resourceTypes":["xmlhttprequest"],"isUrlFilterCaseSensitive":false},"priority":301},{"id":480,"action":{"type":"block"},"condition":{"urlFilter":"||1588.lt/web/companies/banners^","isUrlFilterCaseSensitive":false},"priority":1},{"id":481,"action":{"type":"block"},"condition":{"urlFilter":"||chatas.lt^","domainType":"firstParty","resourceTypes":["xmlhttprequest"],"isUrlFilterCaseSensitive":false},"priority":102},{"id":482,"action":{"type":"block"},"condition":{"urlFilter":"||plus.lrytas.lt/staticbanners/*1200x250_300x370.jpg","domainType":"firstParty","initiatorDomains":["lrytas.lt"],"resourceTypes":["image"],"isUrlFilterCaseSensitive":false},"priority":302},{"id":485,"action":{"type":"block"},"condition":{"urlFilter":"||zarasuose.lt/reklama_","resourceTypes":["image"],"isUrlFilterCaseSensitive":false},"priority":101},{"id":486,"action":{"type":"block"},"condition":{"urlFilter":"||vilniausskelbimai.lt/adv^","isUrlFilterCaseSensitive":false},"priority":1},{"id":487,"action":{"type":"allow"},"condition":{"urlFilter":".png#","initiatorDomains":["siustis.net"],"isUrlFilterCaseSensitive":false},"priority":100201},{"id":488,"action":{"type":"allow"},"condition":{"urlFilter":"15minlt.adocean.pl/files/js/ado.js","isUrlFilterCaseSensitive":false},"priority":100001},{"id":489,"action":{"type":"allow"},"condition":{"urlFilter":"imasdk.googleapis.com^","initiatorDomains":["lrytas.lt"],"isUrlFilterCaseSensitive":false},"priority":100201},{"id":490,"action":{"type":"allow"},"condition":{"urlFilter":"|http://skelbimai.one.lt/uploads/modules/ads/","isUrlFilterCaseSensitive":false},"priority":100001},{"id":491,"action":{"type":"allow"},"condition":{"urlFilter":"||9menesiai.lt/image/cache/data/Baneriai/","isUrlFilterCaseSensitive":false},"priority":100001},{"id":492,"action":{"type":"allow"},"condition":{"urlFilter":"||adworks.lt^","isUrlFilterCaseSensitive":false},"priority":100001},{"id":493,"action":{"type":"allow"},"condition":{"urlFilter":"||apatinukai.lt/image/cache/data/baneriai/","isUrlFilterCaseSensitive":false},"priority":100001},{"id":494,"action":{"type":"allow"},"condition":{"urlFilter":"||banners.adnet.lt/i/euro_game_1.js","isUrlFilterCaseSensitive":false},"priority":100001},{"id":495,"action":{"type":"allow"},"condition":{"urlFilter":"||entitlements.jwplayer.com/*.json","isUrlFilterCaseSensitive":false},"priority":100001},{"id":496,"action":{"type":"allow"},"condition":{"urlFilter":"||eurovaistine.lt/uploads/banners/","isUrlFilterCaseSensitive":false},"priority":100001},{"id":497,"action":{"type":"allow"},"condition":{"urlFilter":"||googleapis.com/js/sdkloader/ima3.js","initiatorDomains":["lrytas.lt"],"isUrlFilterCaseSensitive":false},"priority":100201},{"id":498,"action":{"type":"allow"},"condition":{"urlFilter":"||grozionamai.lt/images/sobipro/adv/","isUrlFilterCaseSensitive":false},"priority":100001},{"id":499,"action":{"type":"allow"},"condition":{"urlFilter":"||hit.gemius.pl^","domainType":"thirdParty","initiatorDomains":["alfa.lt","lnkgo.lt"],"isUrlFilterCaseSensitive":false},"priority":100152},{"id":500,"action":{"type":"allow"},"condition":{"urlFilter":"||kaunieciams.lt/miestas/","isUrlFilterCaseSensitive":false},"priority":100001},{"id":501,"action":{"type":"allow"},"condition":{"urlFilter":"||kvt.lt/ebilet.cup.static/img/header/","isUrlFilterCaseSensitive":false},"priority":100001},{"id":502,"action":{"type":"allow"},"condition":{"urlFilter":"||manodienynas.lt^","isUrlFilterCaseSensitive":false},"priority":100001},{"id":503,"action":{"type":"allow"},"condition":{"urlFilter":"||mega.lt/uploads/img/banners/","isUrlFilterCaseSensitive":false},"priority":100001},{"id":504,"action":{"type":"allow"},"condition":{"urlFilter":"||mssl.fwmrm.net/p/MTG_Brightcove_HTML5/AdManager.js","initiatorDomains":["play.tv3.lt"],"isUrlFilterCaseSensitive":false},"priority":100201},{"id":505,"action":{"type":"allow"},"condition":{"urlFilter":"||perlas.lt/baneriai/","isUrlFilterCaseSensitive":false},"priority":100001},{"id":506,"action":{"type":"allow"},"condition":{"urlFilter":"||perlas.lt/files/banners/","isUrlFilterCaseSensitive":false},"priority":100001},{"id":507,"action":{"type":"allow"},"condition":{"urlFilter":"||pildyk.lt/uploads/files/BANERIS_pildyk.jpg","isUrlFilterCaseSensitive":false},"priority":100001},{"id":508,"action":{"type":"allow"},"condition":{"urlFilter":"||play.tv3.lt/ad/banner/_ad","resourceTypes":["xmlhttprequest"],"isUrlFilterCaseSensitive":false},"priority":100101},{"id":509,"action":{"type":"allow"},"condition":{"urlFilter":"||play.tv3.lt/ad/banner/_adsense_/_adserver/","isUrlFilterCaseSensitive":false},"priority":100001},{"id":510,"action":{"type":"allow"},"condition":{"urlFilter":"||post.lt/bin/banners/","isUrlFilterCaseSensitive":false},"priority":100001},{"id":511,"action":{"type":"allow"},"condition":{"urlFilter":"||post.lt/files/resized/*x*/banners/","isUrlFilterCaseSensitive":false},"priority":100001},{"id":512,"action":{"type":"allow"},"condition":{"urlFilter":"||prod.one.lt/api/framesize.js","isUrlFilterCaseSensitive":false},"priority":100001},{"id":513,"action":{"type":"allow"},"condition":{"urlFilter":"||sascdn.com^","domainType":"thirdParty","initiatorDomains":["vz.lt"],"isUrlFilterCaseSensitive":false},"priority":100202},{"id":514,"action":{"type":"allow"},"condition":{"urlFilter":"||smailas.net/baneriai/","isUrlFilterCaseSensitive":false},"priority":100001},{"id":515,"action":{"type":"allow"},"condition":{"urlFilter":"||tamo.lt^","isUrlFilterCaseSensitive":false},"priority":100001},{"id":516,"action":{"type":"allow"},"condition":{"urlFilter":"||tavovaikams.lt//images/goods/","excludedInitiatorDomains":["tavovaikams.lt"],"isUrlFilterCaseSensitive":false},"priority":100002},{"id":517,"action":{"type":"allow"},"condition":{"urlFilter":"||teatras.lt/uploads/img/banners/","isUrlFilterCaseSensitive":false},"priority":100001},{"id":518,"action":{"type":"allow"},"condition":{"urlFilter":"||technologijos.lt/iframe_komentarai","isUrlFilterCaseSensitive":false},"priority":100001},{"id":519,"action":{"type":"allow"},"condition":{"urlFilter":"||telikas.biz/wp-content/uploads/2014/10/logo1.png","isUrlFilterCaseSensitive":false},"priority":100001},{"id":520,"action":{"type":"allow"},"condition":{"urlFilter":"||telikas.biz/wp-content/uploads/2015/04/test4.png","isUrlFilterCaseSensitive":false},"priority":100001},{"id":521,"action":{"type":"allow"},"condition":{"urlFilter":"||vaikutis.lt/image/cache/data/baneriai/","isUrlFilterCaseSensitive":false},"priority":100001},{"id":522,"action":{"type":"allow"},"condition":{"urlFilter":"||vaikutis.lt/image/data/baneriai/","isUrlFilterCaseSensitive":false},"priority":100001},{"id":523,"action":{"type":"allow"},"condition":{"urlFilter":"||vjs.zencdn.net/4.12.5/video.js","isUrlFilterCaseSensitive":false},"priority":100001},{"id":524,"action":{"type":"allow"},"condition":{"urlFilter":"||b.adbox.lv^","initiatorDomains":["inbox.lt"],"resourceTypes":["image"],"isUrlFilterCaseSensitive":false},"priority":100301},{"id":525,"action":{"type":"allow"},"condition":{"urlFilter":"://b.adbox.lv/bxlib/js/loader.js^","initiatorDomains":["inbox.lt"],"isUrlFilterCaseSensitive":false},"priority":100201},{"id":526,"action":{"type":"allow"},"condition":{"urlFilter":"||play.tv3.lt/static/scripts/ima3.js","isUrlFilterCaseSensitive":false},"priority":100001},{"id":527,"action":{"type":"allow"},"condition":{"urlFilter":"||lt.adocean.pl^","initiatorDomains":["lnk.lt"],"resourceTypes":["script"],"isUrlFilterCaseSensitive":false},"priority":100301},{"id":528,"action":{"type":"allow"},"condition":{"urlFilter":"||prod.one.lt^","initiatorDomains":["www.tv3.lt"],"resourceTypes":["media"],"isUrlFilterCaseSensitive":false},"priority":100301},{"id":529,"action":{"type":"allow"},"condition":{"urlFilter":"/events.gif?","initiatorDomains":["play.tv3.lt"],"isUrlFilterCaseSensitive":false},"priority":100201},{"id":530,"action":{"type":"allow"},"condition":{"urlFilter":"||td.setupad.com^","initiatorDomains":["aina.lt"],"isUrlFilterCaseSensitive":false},"priority":100201},{"id":531,"action":{"type":"allow"},"condition":{"urlFilter":"||td.setupad.com^","domainType":"firstParty","isUrlFilterCaseSensitive":false},"priority":100002},{"id":532,"action":{"type":"allow"},"condition":{"urlFilter":"||play.tv3.lt/static/scripts/adroot^","isUrlFilterCaseSensitive":false},"priority":100001},{"id":533,"action":{"type":"allow"},"condition":{"urlFilter":"||secure.livechatinc.com^","initiatorDomains":["telia.lt"],"resourceTypes":["sub_frame"],"isUrlFilterCaseSensitive":false},"priority":100301},{"id":534,"action":{"type":"redirect","redirect":{"extensionPath":"/rule_resources/redirects/1x1.gif"}},"condition":{"urlFilter":"||15min.lt/cached/tgif","domainType":"firstParty","isUrlFilterCaseSensitive":false},"priority":1002},{"id":535,"action":{"type":"allow"},"condition":{"urlFilter":"||adform.net/banners/scripts/adx.js|","initiatorDomains":["delfi.lt"],"resourceTypes":["script"],"isUrlFilterCaseSensitive":false},"priority":100301},{"id":536,"action":{"type":"allow"},"condition":{"urlFilter":"||content-thumbnail.cxpublic.com/content/dominantthumbnail/","domainType":"thirdParty","initiatorDomains":["www.delfi.lt"],"resourceTypes":["image"],"isUrlFilterCaseSensitive":false},"priority":100302},{"id":548,"action":{"type":"block"},"condition":{"urlFilter":"||p.jwpcdn.com/*/vast.js","initiatorDomains":["lnk.lt"],"isUrlFilterCaseSensitive":false},"priority":201},{"id":549,"action":{"type":"block"},"condition":{"urlFilter":"||serveris.lnk.lt/*/ad.js?","isUrlFilterCaseSensitive":false},"priority":1},{"id":550,"action":{"type":"block"},"condition":{"urlFilter":"||serveris.lnk.lt/*ad.xml?","isUrlFilterCaseSensitive":false},"priority":1},{"id":551,"action":{"type":"block"},"condition":{"urlFilter":"||serveris.lnk.lt/files/x/*/*.mp4","initiatorDomains":["lnk.lt"],"resourceTypes":["media"],"isUrlFilterCaseSensitive":false},"priority":301},{"id":552,"action":{"type":"block"},"condition":{"urlFilter":"||static.vz.lt/files/antsrauto/countsJS.php^","isUrlFilterCaseSensitive":false},"priority":1},{"id":553,"action":{"type":"allow"},"condition":{"urlFilter":"/banners*swf","initiatorDomains":["vma.esec.vu.lt"],"isUrlFilterCaseSensitive":false},"priority":100201},{"id":554,"action":{"type":"allow"},"condition":{"urlFilter":"||skelbiu-static.dgn.lt/static/css/inside_ad.css","isUrlFilterCaseSensitive":false},"priority":100001},{"id":555,"action":{"type":"allow"},"condition":{"urlFilter":"||skelbiu-static.dgn.lt/static/js/inside_ad.js","isUrlFilterCaseSensitive":false},"priority":100001},{"id":556,"action":{"type":"allow"},"condition":{"urlFilter":"||ufonaut.000webhostapp.com/advertisement.js","initiatorDomains":["filmux.org"],"isUrlFilterCaseSensitive":false},"priority":100201},{"id":557,"action":{"type":"allow"},"condition":{"urlFilter":"||mssl.fwmrm.net/libs/adm/*/linktag2.js","initiatorDomains":["play.tv3.lt"],"isUrlFilterCaseSensitive":false},"priority":100201},{"id":558,"action":{"type":"allow"},"condition":{"urlFilter":"||v.fwmrm.net/ad/g/1?","initiatorDomains":["play.tv3.lt"],"isUrlFilterCaseSensitive":false},"priority":100201},{"id":559,"action":{"type":"block"},"condition":{"urlFilter":"||befirstcdn.com^","isUrlFilterCaseSensitive":false},"priority":1},{"id":560,"action":{"type":"block"},"condition":{"urlFilter":"||trafficbass.com^","isUrlFilterCaseSensitive":false},"priority":1},{"id":561,"action":{"type":"block"},"condition":{"urlFilter":"||aj2392.online^","domainType":"thirdParty","isUrlFilterCaseSensitive":false},"priority":2}]