[{"id":1,"action":{"type":"block"},"condition":{"urlFilter":"/adserwer.","isUrlFilterCaseSensitive":false},"priority":1},{"id":2,"action":{"type":"block"},"condition":{"urlFilter":"=adv/GetAdvertisment|","isUrlFilterCaseSensitive":false},"priority":1},{"id":3,"action":{"type":"block"},"condition":{"urlFilter":"^banery-reklamowe^","isUrlFilterCaseSensitive":false},"priority":1},{"id":4,"action":{"type":"block"},"condition":{"urlFilter":"^reklamy^","isUrlFilterCaseSensitive":false},"priority":1},{"id":5,"action":{"type":"block"},"condition":{"urlFilter":"^sidebar_reklama^","isUrlFilterCaseSensitive":false},"priority":1},{"id":6,"action":{"type":"block"},"condition":{"urlFilter":"||ad-work.pl^","domainType":"thirdParty","isUrlFilterCaseSensitive":false},"priority":2},{"id":7,"action":{"type":"block"},"condition":{"urlFilter":"||ad.ipolska.pl/ad^","domainType":"thirdParty","isUrlFilterCaseSensitive":false},"priority":2},{"id":8,"action":{"type":"block"},"condition":{"urlFilter":"||adsearch.pl^","domainType":"thirdParty","isUrlFilterCaseSensitive":false},"priority":2},{"id":9,"action":{"type":"block"},"condition":{"urlFilter":"||adsnet.pl^","domainType":"thirdParty","isUrlFilterCaseSensitive":false},"priority":2},{"id":10,"action":{"type":"block"},"condition":{"urlFilter":"||affiliates-solutions.com^","domainType":"thirdParty","isUrlFilterCaseSensitive":false},"priority":2},{"id":11,"action":{"type":"block"},"condition":{"urlFilter":"||banmax.com^","domainType":"thirdParty","isUrlFilterCaseSensitive":false},"priority":2},{"id":12,"action":{"type":"block"},"condition":{"urlFilter":"||converti.se^","domainType":"thirdParty","isUrlFilterCaseSensitive":false},"priority":2},{"id":13,"action":{"type":"block"},"condition":{"urlFilter":"||convertiser.com^","domainType":"thirdParty","isUrlFilterCaseSensitive":false},"priority":2},{"id":14,"action":{"type":"block"},"condition":{"urlFilter":"||cozyrepeatedlycowardly.com^","domainType":"thirdParty","isUrlFilterCaseSensitive":false},"priority":2},{"id":15,"action":{"type":"block"},"condition":{"urlFilter":"||hub.com.pl^","domainType":"thirdParty","isUrlFilterCaseSensitive":false},"priority":2},{"id":16,"action":{"type":"block"},"condition":{"urlFilter":"||incontext.pl^","domainType":"thirdParty","isUrlFilterCaseSensitive":false},"priority":2},{"id":17,"action":{"type":"block"},"condition":{"urlFilter":"||leadstar.pl^","domainType":"thirdParty","isUrlFilterCaseSensitive":false},"priority":2},{"id":18,"action":{"type":"block"},"condition":{"urlFilter":"||media.stsaff.pl^","domainType":"thirdParty","isUrlFilterCaseSensitive":false},"priority":2},{"id":19,"action":{"type":"block"},"condition":{"urlFilter":"||netsalesmedia.pl^","domainType":"thirdParty","isUrlFilterCaseSensitive":false},"priority":2},{"id":20,"action":{"type":"block"},"condition":{"urlFilter":"||pocketads.pl^","domainType":"thirdParty","isUrlFilterCaseSensitive":false},"priority":2},{"id":21,"action":{"type":"block"},"condition":{"urlFilter":"||reklamawadowice24.pl^","domainType":"thirdParty","isUrlFilterCaseSensitive":false},"priority":2},{"id":22,"action":{"type":"block"},"condition":{"urlFilter":"||renormaliseras.xyz^","domainType":"thirdParty","isUrlFilterCaseSensitive":false},"priority":2},{"id":23,"action":{"type":"block"},"condition":{"urlFilter":"||rewords.pl^","domainType":"thirdParty","isUrlFilterCaseSensitive":false},"priority":2},{"id":24,"action":{"type":"block"},"condition":{"urlFilter":"||shopeneo.network^","domainType":"thirdParty","isUrlFilterCaseSensitive":false},"priority":2},{"id":25,"action":{"type":"block"},"condition":{"urlFilter":"||spacead.pl^","domainType":"thirdParty","isUrlFilterCaseSensitive":false},"priority":2},{"id":26,"action":{"type":"block"},"condition":{"urlFilter":"||tvtoss.com^","domainType":"thirdParty","isUrlFilterCaseSensitive":false},"priority":2},{"id":27,"action":{"type":"block"},"condition":{"urlFilter":"||waytogrow.pl^","domainType":"thirdParty","isUrlFilterCaseSensitive":false},"priority":2},{"id":28,"action":{"type":"block"},"condition":{"urlFilter":"||wpext.pl^","domainType":"thirdParty","isUrlFilterCaseSensitive":false},"priority":2},{"id":29,"action":{"type":"block"},"condition":{"urlFilter":"||ad.admitad.com^","domainType":"thirdParty","isUrlFilterCaseSensitive":false},"priority":2},{"id":30,"action":{"type":"block"},"condition":{"urlFilter":"||ad.e-lider.pl^","domainType":"thirdParty","isUrlFilterCaseSensitive":false},"priority":2},{"id":31,"action":{"type":"block"},"condition":{"urlFilter":"||ad.eko-7.com.pl^","domainType":"thirdParty","isUrlFilterCaseSensitive":false},"priority":2},{"id":32,"action":{"type":"block"},"condition":{"urlFilter":"||aff.bstatic.com/static/affiliate_base/js/booking_sp_widget","domainType":"thirdParty","resourceTypes":["script"],"isUrlFilterCaseSensitive":false},"priority":102},{"id":33,"action":{"type":"block"},"condition":{"urlFilter":"||avanti.fashion/pub^","domainType":"thirdParty","isUrlFilterCaseSensitive":false},"priority":2},{"id":34,"action":{"type":"block"},"condition":{"urlFilter":"||businessclick.biz.pl/awrapper","domainType":"thirdParty","isUrlFilterCaseSensitive":false},"priority":2},{"id":35,"action":{"type":"block"},"condition":{"urlFilter":"||cdn.leadbit.com^","domainType":"thirdParty","isUrlFilterCaseSensitive":false},"priority":2},{"id":36,"action":{"type":"block"},"condition":{"urlFilter":"||comperialead.pl/getpulabanner.","domainType":"thirdParty","isUrlFilterCaseSensitive":false},"priority":2},{"id":37,"action":{"type":"block"},"condition":{"urlFilter":"||contexthub.net^","domainType":"thirdParty","isUrlFilterCaseSensitive":false},"priority":2},{"id":38,"action":{"type":"block"},"condition":{"urlFilter":"||ec.hub2.com.pl^","domainType":"thirdParty","isUrlFilterCaseSensitive":false},"priority":2},{"id":39,"action":{"type":"block"},"condition":{"urlFilter":"||euphoniserent.xyz^","domainType":"thirdParty","isUrlFilterCaseSensitive":false},"priority":2},{"id":40,"action":{"type":"block"},"condition":{"urlFilter":"||lnaff.pl/RKL_","domainType":"thirdParty","isUrlFilterCaseSensitive":false},"priority":2},{"id":41,"action":{"type":"block"},"condition":{"urlFilter":"||ofertaplay.info^*^androidbanerrespons^","domainType":"thirdParty","isUrlFilterCaseSensitive":false},"priority":2},{"id":42,"action":{"type":"block"},"condition":{"urlFilter":"||offersprovider.widget.onet.pl^","domainType":"thirdParty","isUrlFilterCaseSensitive":false},"priority":2},{"id":43,"action":{"type":"block"},"condition":{"urlFilter":"||partnerzyapi.ceneo.pl/External/ap.js","domainType":"thirdParty","isUrlFilterCaseSensitive":false},"priority":2},{"id":44,"action":{"type":"block"},"condition":{"urlFilter":"||pp.funhub.pl^*?callback=wyswietlGra|","domainType":"thirdParty","isUrlFilterCaseSensitive":false},"priority":2},{"id":45,"action":{"type":"block"},"condition":{"urlFilter":"||ppwidget.skapiec.pl/widget^","domainType":"thirdParty","resourceTypes":["script"],"isUrlFilterCaseSensitive":false},"priority":102},{"id":46,"action":{"type":"block"},"condition":{"urlFilter":"||qwerty1.co.pl/www/sys/ajs1.php?","domainType":"thirdParty","isUrlFilterCaseSensitive":false},"priority":2},{"id":47,"action":{"type":"block"},"condition":{"urlFilter":"||r.pless.nazwa.pl/public/banner^","domainType":"thirdParty","isUrlFilterCaseSensitive":false},"priority":2},{"id":48,"action":{"type":"block"},"condition":{"urlFilter":"||reklamy.hostings.pl^","domainType":"thirdParty","isUrlFilterCaseSensitive":false},"priority":2},{"id":49,"action":{"type":"block"},"condition":{"urlFilter":"||smartclick.pl/*adquant","domainType":"thirdParty","isUrlFilterCaseSensitive":false},"priority":2},{"id":50,"action":{"type":"block"},"condition":{"urlFilter":"||solutions4ad.com/partner^","domainType":"thirdParty","isUrlFilterCaseSensitive":false},"priority":2},{"id":51,"action":{"type":"block"},"condition":{"urlFilter":"||static.travelist.pl/web/js^","domainType":"thirdParty","resourceTypes":["script"],"isUrlFilterCaseSensitive":false},"priority":102},{"id":52,"action":{"type":"block"},"condition":{"urlFilter":"||system.mondeos.pl^","domainType":"thirdParty","isUrlFilterCaseSensitive":false},"priority":2},{"id":53,"action":{"type":"block"},"condition":{"urlFilter":"||thc-thc.com/reklamy^","domainType":"thirdParty","isUrlFilterCaseSensitive":false},"priority":2},{"id":54,"action":{"type":"block"},"condition":{"urlFilter":"||wydawca.lead.network/RKL_","domainType":"thirdParty","isUrlFilterCaseSensitive":false},"priority":2},{"id":55,"action":{"type":"block"},"condition":{"urlFilter":"-290x150.","initiatorDomains":["tygodnikpiski.pl"],"isUrlFilterCaseSensitive":false},"priority":201},{"id":56,"action":{"type":"block"},"condition":{"urlFilter":"-ad-","initiatorDomains":["tuhiszpania.pl"],"isUrlFilterCaseSensitive":false},"priority":201},{"id":57,"action":{"type":"block"},"condition":{"urlFilter":"-baner-","initiatorDomains":["budownictwo.co","firmy.meblarstwo.eu","gniezno24.com","ipulawy.pl","meblarskapolska.pl","meblosfera.pl","obiektysakralne.pl","panoramakutna.pl","radioostrowiec.pl","sadownictwo.com.pl","slupca.pl","tenismagazyn.pl","tkaninyobiciowe.eu","tkn24.pl","tygodnikpiski.pl"],"isUrlFilterCaseSensitive":false},"priority":108},{"id":58,"action":{"type":"block"},"condition":{"urlFilter":"-baner.","initiatorDomains":["blogprezesa.pl","crypto-trader.pl","ipulawy.pl","napoli24h.pl","przeclaw24.pl","tkn24.pl","wiadomosci.com","wirtualnyzgierz.pl","wolanie.info"],"isUrlFilterCaseSensitive":false},"priority":113},{"id":59,"action":{"type":"block"},"condition":{"urlFilter":"-baner_","initiatorDomains":["nolesnica.pl","nowawrzesnia.pl","polska-morska.pl"],"isUrlFilterCaseSensitive":false},"priority":135},{"id":60,"action":{"type":"block"},"condition":{"urlFilter":"-banery^","initiatorDomains":["przeclaw24.pl"],"isUrlFilterCaseSensitive":false},"priority":201},{"id":61,"action":{"type":"block"},"condition":{"urlFilter":"-banner-","initiatorDomains":["iknurow.pl","itvpiaseczno.pl","linia.com.pl","longevitas.pl","mlecznepodroze.pl","motocykle125.pl","olawa24.pl","pokonajlysienie.com","swiatczytnikow.pl","swiatoze.pl","techsetter.pl","tenisbydawid.pl","tkaninyobiciowe.eu","tucholanin.pl","uavo.com.pl","weterynarianews.pl","wirlandii.pl","ww-model.pl","zycieczestochowy.pl"],"isUrlFilterCaseSensitive":false},"priority":107},{"id":62,"action":{"type":"block"},"condition":{"urlFilter":"-banner1.","initiatorDomains":["tu.swinoujscie.pl"],"isUrlFilterCaseSensitive":false},"priority":201},{"id":63,"action":{"type":"block"},"condition":{"urlFilter":"-bannery-","initiatorDomains":["bogaty.men","zarobmy.se"],"isUrlFilterCaseSensitive":false},"priority":151},{"id":64,"action":{"type":"block"},"condition":{"urlFilter":"-fb-baner-","initiatorDomains":["starosadeckie.info"],"isUrlFilterCaseSensitive":false},"priority":201},{"id":65,"action":{"type":"block"},"condition":{"urlFilter":"-plakaty-","initiatorDomains":["zyciezamoscia.pl"],"isUrlFilterCaseSensitive":false},"priority":201},{"id":66,"action":{"type":"block"},"condition":{"urlFilter":"-reklama-","initiatorDomains":["bithub.pl","chelmski.eu","firmy.meblarstwo.eu","golub-cgd.pl","kurekmazurski.pl","nasz-glos.com","ostrodanews.pl","przedsiebiorczepodlasie.pl","radomszczanska.pl","starosadeckie.info","tenismagazyn.pl","tkaninyobiciowe.eu","tv-pelplin.pl"],"isUrlFilterCaseSensitive":false},"priority":109},{"id":67,"action":{"type":"block"},"condition":{"urlFilter":"-reklama.","initiatorDomains":["gazeta-mosina.pl","gazetatrybunalska.pl","mojewronki.pl","ostrodanews.pl","pionki24.pl","polemi.co.uk","popradio.pl","przysucha.informator-lokalny.pl","tu.swinoujscie.pl"],"isUrlFilterCaseSensitive":false},"priority":113},{"id":68,"action":{"type":"block"},"condition":{"urlFilter":"-reklama_","initiatorDomains":["noworudzianin.pl"],"isUrlFilterCaseSensitive":false},"priority":201},{"id":69,"action":{"type":"block"},"condition":{"urlFilter":"-reklamy-","initiatorDomains":["tu.swinoujscie.pl"],"isUrlFilterCaseSensitive":false},"priority":201},{"id":70,"action":{"type":"block"},"condition":{"urlFilter":"-reklamy^","initiatorDomains":["kurekmazurski.pl"],"isUrlFilterCaseSensitive":false},"priority":201},{"id":71,"action":{"type":"block"},"condition":{"urlFilter":"^1Reklama^","initiatorDomains":["iturek.net"],"isUrlFilterCaseSensitive":false},"priority":201},{"id":72,"action":{"type":"block"},"condition":{"urlFilter":"^2021banery^","initiatorDomains":["wysokomazowiecki24.pl"],"isUrlFilterCaseSensitive":false},"priority":201},{"id":73,"action":{"type":"block"},"condition":{"urlFilter":"^2022baner^","initiatorDomains":["wysokomazowiecki24.pl"],"isUrlFilterCaseSensitive":false},"priority":201},{"id":74,"action":{"type":"block"},"condition":{"urlFilter":"^250x250c^","initiatorDomains":["kmziz.pl"],"isUrlFilterCaseSensitive":false},"priority":201},{"id":75,"action":{"type":"block"},"condition":{"urlFilter":"^300^","initiatorDomains":["betglob.pl","betgol.pl","emecze.pl","epilka.pl","estadios.pl","kuszotv.pl","mecze24.pl","meczelive.tv","meczenazywo.tv","meczlive.pl","oddslivesport.com"],"isUrlFilterCaseSensitive":false},"priority":111},{"id":76,"action":{"type":"block"},"condition":{"urlFilter":"^468^","initiatorDomains":["worldofbookmakers.com"],"isUrlFilterCaseSensitive":false},"priority":201},{"id":77,"action":{"type":"block"},"condition":{"urlFilter":"^728^","initiatorDomains":["betgol.pl","extragoals.com","mecze.com"],"isUrlFilterCaseSensitive":false},"priority":135},{"id":78,"action":{"type":"block"},"condition":{"urlFilter":"^a-posters^","initiatorDomains":["minskmaz.com"],"isUrlFilterCaseSensitive":false},"priority":201},{"id":79,"action":{"type":"block"},"condition":{"urlFilter":"^AAAreklamy^","initiatorDomains":["zulawytv.pl"],"isUrlFilterCaseSensitive":false},"priority":201},{"id":80,"action":{"type":"block"},"condition":{"urlFilter":"^ad^","initiatorDomains":["pieniny24.pl","sportowepodhale.pl"],"isUrlFilterCaseSensitive":false},"priority":151},{"id":81,"action":{"type":"block"},"condition":{"urlFilter":"^AdBanner^","initiatorDomains":["zyciepabianic.pl"],"isUrlFilterCaseSensitive":false},"priority":201},{"id":82,"action":{"type":"block"},"condition":{"urlFilter":"^admaster^","initiatorDomains":["suwalki24.pl"],"isUrlFilterCaseSensitive":false},"priority":201},{"id":83,"action":{"type":"block"},"condition":{"urlFilter":"^ads^","initiatorDomains":["podhale24.pl","sportowepodhale.pl","zw.pl"],"isUrlFilterCaseSensitive":false},"priority":135},{"id":84,"action":{"type":"block"},"condition":{"urlFilter":"^adv^","initiatorDomains":["e-petrol.pl","naszglospoznanski.pl","zyciegrajewa.pl"],"isUrlFilterCaseSensitive":false},"priority":135},{"id":85,"action":{"type":"block"},"condition":{"urlFilter":"^adv_","initiatorDomains":["kcynia24.pl","koscian.net","naklo24.pl","powiat24.pl","sadki24.pl"],"isUrlFilterCaseSensitive":false},"priority":121},{"id":86,"action":{"type":"block"},"condition":{"urlFilter":"^advert^","initiatorDomains":["tarnow.net.pl"],"isUrlFilterCaseSensitive":false},"priority":201},{"id":87,"action":{"type":"block"},"condition":{"urlFilter":"^advertiseButtons^","initiatorDomains":["smanager.pl"],"isUrlFilterCaseSensitive":false},"priority":201},{"id":88,"action":{"type":"block"},"condition":{"urlFilter":"^advertisements^","initiatorDomains":["lovekrakow.pl"],"isUrlFilterCaseSensitive":false},"priority":201},{"id":89,"action":{"type":"block"},"condition":{"urlFilter":"^advs^","initiatorDomains":["telewizjastk.pl"],"isUrlFilterCaseSensitive":false},"priority":201},{"id":90,"action":{"type":"block"},"condition":{"urlFilter":"^areklamy^","initiatorDomains":["e-lokalne.pl"],"isUrlFilterCaseSensitive":false},"priority":201},{"id":91,"action":{"type":"block"},"condition":{"urlFilter":"^ban^","initiatorDomains":["kopaczka.pl"],"isUrlFilterCaseSensitive":false},"priority":201},{"id":92,"action":{"type":"block"},"condition":{"urlFilter":"^bananer^","initiatorDomains":["sportowebeskidy.pl"],"isUrlFilterCaseSensitive":false},"priority":201},{"id":93,"action":{"type":"block"},"condition":{"urlFilter":"^baner-","initiatorDomains":["allebiznes.pl","centrumdruku3d.pl","cksport.pl","cowkrakowie.pl","cowwilanowie.pl","crypto-trader.pl","echokamienia.pl","firmy.meblarstwo.eu","genetyczne.pl","gloskoninski.pl","gorydlaciebie.pl","hi-fi.com.pl","iloveslubice.pl","infokatowice.pl","infokonin.pl","infomalopolska.pl","jazdaprawna.pl","kaszuby24.pl","kk24.pl","limanowianin.in","linia.com.pl","luzyce.info","magazynvip.pl","materialybudowlane.info.pl","mazopolska.pl","miastokobiet.pl","mysnet.pl","naszosie.pl","naszsrem.pl","ng24.ie","niezaleznemediapodlasia.pl","obiektysakralne.pl","ostrodanews.pl","oswiecim112.pl","oto-samochody.pl","plotkibiznesowe.pl","polskacanada.com","portalkujawski.pl","portalwolow.pl","powrotroberta.pl","przeglad-sejnenski.pl","przewodnicywedkarscy.pl","radomsport.pl","regionalna.pl","rynekinwestycji.pl","starosadeckie.info","szczecinek.com","tarnobrzeskie.eu","tenismagazyn.pl","tkn24.pl","tv28.pl","tvbraniewo24.pl","twojaslupca.pl","tygodnik-rolniczy.pl","tygodnikkrag.pl","tygodnikpiski.pl","tylkotorun.pl","tyna.info.pl","whitemad.pl","wiadomosci.com","wiecbork112.pl","wirtualnelegionowo.pl","wirtualnemazowsze24.pl","wirtualnynowydwor.pl","wolanie.info","wolsztyn112.info","zkaszub.info","zwrotnikraka.pl","zyciezamoscia.pl"],"isUrlFilterCaseSensitive":false},"priority":103},{"id":94,"action":{"type":"block"},"condition":{"urlFilter":"^baner^","initiatorDomains":["bielsko.info","biif.pl","bukowinatatrzanska.pl","chojnice.com","enowiny.pl","info.stargard.pl","infoilawa.pl","ipon.pl","lubliniec.info","megacennik.eu","mojreprap.pl","nowiny.rybnik.pl","pfm.pl","progressforpoland.com","progressforpoland.org","przyjaznawarszawa.pl","pszczyna.tv","sennik-mistyczny.pl","sportslaski.pl","tarnowskiegory24.info","tygodnik-krapkowicki.info","zw.pl"],"isUrlFilterCaseSensitive":false},"priority":106},{"id":95,"action":{"type":"block"},"condition":{"urlFilter":"^baner_","initiatorDomains":["7dni.pila.pl","archeton.pl","asystentbhp.pl","bloog.pl","chcemybycrodzicami.pl","chemiaibiznes.com.pl","chorzowianin.pl","cksport.pl","czestochowskie24.pl","dzierzgon-twojemiasto.pl","e-pingpong.pl","extra.info.pl","forumfajerwerki.pl","fresh-market.pl","futbolfejs.pl","gazetacz.com.pl","gazetagazeta.com","gazetka.be","gielda-koni.com.pl","glogow-info.pl","glosmordoru.pl","grapplerinfo.pl","info.stargard.pl","infofordon.pl","infokatowice.pl","jaw.pl","jazdaprawna.pl","kurier-kolski.pl","kurierostrowski.pl","kuriersuwalski.pl","kurierzamojski.pl","legitymizm.org","lexus-forum.pl","magazynregionalny.pl","materialybudowlane.info.pl","meteoprog.pl","miedzyzdroje.tv","mojeniemcy.de","nakolei.pl","nanarty.info","nowawrzesnia.pl","nowy-sacz.info","podgorze.pl","podlaskieagro.pl","polacywewloszech.com","poligonowewiesci.pl","portalkosmiczny.pl","przemyskie.info","przewodnicywedkarscy.pl","ptvr.pl","radiopiekary.pl","radioradom.pl","radomsport.pl","rdn.pl","regionalna.pl","sad24.pl","sporteuro.pl","sweetwedding.pl","swiatoze.pl","swidnik.pl","tc.ciechanow.pl","telewizjazary.pl","thinkapple.pl","tvostrow.pl","tw-24.pl","tygodnik-krapkowicki.info","tygodnik-rolniczy.pl","tygodnikmakowski.pl","tygodnikprzasnyski.com.pl","urodaizdrowie.pl","vwgolf.pl","wdrawskupomorskim.pl","wiadomosci.rii.pl","wiatriwoda.pl","widzewtomy.net","wieliczkacity.pl","wirtualnelegionowo.pl","wirtualnynowydwor.pl","zapytam.com","zkaszub.info","zpazurem.pl","zyciezamoscia.pl"],"isUrlFilterCaseSensitive":false},"priority":103},{"id":96,"action":{"type":"block"},"condition":{"urlFilter":"^banerkiIFRAME^","initiatorDomains":["zulawy.com"],"resourceTypes":["sub_frame"],"isUrlFilterCaseSensitive":false},"priority":301},{"id":97,"action":{"type":"block"},"condition":{"urlFilter":"^banerkiJPG^","initiatorDomains":["zulawy.com"],"isUrlFilterCaseSensitive":false},"priority":201},{"id":98,"action":{"type":"block"},"condition":{"urlFilter":"^banery^","initiatorDomains":["24tp.pl","abc-dachy.pl","alexjones.pl","archeton.pl","asta24.pl","belchatow.bai.pl","bialogardzianin.pl","bielsko.biala.pl","brodnica.net","bukowinatatrzanska.pl","cieszyninfo.pl","co-slychac.pl","dachy.info.pl","deblin24.eu","doba.pl","domenergo.com","e-dobrydom.pl","e-konkursy.info","ebarlinek.pl","eglos.pl","elblag.net","emysliborz.pl","epszczyna.pl","fachowydekarz.pl","focusonbusiness.eu","glowny-mechanik.pl","goryonline.com","haczyk.pl","haloursynow.pl","hotelinfo24.pl","igorzow.pl","igostyn.pl","ijarocin.pl","ikalisz.pl","ikamien.pl","ikrotoszyn.pl","iostrowwlkp.pl","ipleszew.pl","ipolska.info","ipyrzyce.pl","iswinoujscie.pl","jagiellonia.net","karpacz.net","kibice.net","kielkismaku.pl","kozienice24.pl","kuriergarwolinski.pl","kutno.net.pl","lipsko24.pl","lokalna24.pl","lubelszczyzna.info","maritime.com.pl","maslow.info.pl","mazury24.eu","mebleinfo.pl","miedzyrzec.info","moja-ostroleka.pl","mojaleczyca.pl","mragowo24.info","mymma.pl","nadmorze.pl","naszeopoczno.pl","nasztomaszow.pl","nowaruda.info","nowoczesnywarsztat.pl","opakowania.biz","ostrowmaz24.pl","paliwa.pl","piekarnie24.pl","pionki24.pl","pojezierze24.pl","polskicaravaning.pl","pomyslnadom.pl","portalwrc.pl","ppw.fishing","prudnicka.pl","przemyskie.info","pulskosmosu.pl","pultuszczak.pl","radomsport.pl","reszel.pl","romantycznyweekend.eu","rynekpapierniczy.pl","satkurier.pl","skionline.pl","sluzby-ur.pl","spawalnictwo.com.pl","sportgniezno.pl","staleo.pl","strzelecopolski.pl","swiatogloszen.net.pl","swiatopon.info","trentino.pl","twojeradio.fm","tworzymyhistorie.pl","tygodnikpodhalanski.pl","tygodnikprudnicki.pl","tygodniksiedlecki.com","typersi.pl","warsztat.pl","wcf.org.pl","wiadomoscihandlowe.pl","wloclawek.info.pl","wpr24.pl","zol.pl","zpazurem.pl","zrobotyzowany.pl","zwolen24.pl","zywiecsupernowa.pl"],"isUrlFilterCaseSensitive":false},"priority":102},{"id":99,"action":{"type":"block"},"condition":{"urlFilter":"^banery_","initiatorDomains":["instalacjebudowlane.pl","iszczecinek.pl","kuchenny.com.pl","maritime.com.pl","ogrodinfo.pl","portalplock.pl","radom24.pl","sokolka.tv","tygodnik.pl","zegarkiipasja.pl","zyciesiedleckie.pl"],"isUrlFilterCaseSensitive":false},"priority":111},{"id":100,"action":{"type":"block"},"condition":{"urlFilter":"^banery_foto^","initiatorDomains":["bielskirynek.pl","bydgoszcz24.pl","ciechocinek.biz","ddtorun.pl","ddwloclawek.pl","e-krajna.pl","ekutno.pl","expresskaszubski.pl","faktypilskie.pl","gle24.pl","gniewkowo.eu","gorlice24.pl","gostyn24.pl","gwe24.pl","itvszubin.pl","ki24.info","kolniak24.eu","koronowo.net.pl","mlodagdynia.pl","nizanskie.info","pulsciechanowa.pl","roztocze.net","rzeczkrotoszynska.pl","superchodziez.pl","swiecie24.pl","terazgabin.pl","terazlipno.pl","tusochaczew.pl","uniejow.net.pl","zyciesokolowa.pl"],"isUrlFilterCaseSensitive":false},"priority":105},{"id":101,"action":{"type":"block"},"condition":{"urlFilter":"^banerygx^","initiatorDomains":["forum.haszysz.com"],"isUrlFilterCaseSensitive":false},"priority":201},{"id":102,"action":{"type":"block"},"condition":{"urlFilter":"^baneryJPG^","initiatorDomains":["pomorskifutbol.pl"],"isUrlFilterCaseSensitive":false},"priority":201},{"id":103,"action":{"type":"block"},"condition":{"urlFilter":"^banner-","initiatorDomains":["24firma.pl","420polska.pl","4pm.pl","all-inclusive.com.pl","biokurier.pl","bobrzanie.pl","businesswomanlife.pl","chinskiraport.pl","cksport.pl","czasnadmorze.pl","dzisiajwgliwicach.pl","gorydlaciebie.pl","juliarozumek.pl","ktoto.info","kurierzamojski.pl","meska-kuchnia.pl","morzaioceany.pl","nadarzyn.tv","nanarty.info","nowaruda.info","pielegniarki.info.pl","polacywewloszech.com","przewodnicywedkarscy.pl","psychatog.pl","racingforum.pl","swiatoze.pl","transg.pl","transportchorego.pl","wirlandii.pl"],"isUrlFilterCaseSensitive":false},"priority":105},{"id":104,"action":{"type":"block"},"condition":{"urlFilter":"^banner.","initiatorDomains":["archispace.pl","swiatmetali.eu"],"isUrlFilterCaseSensitive":false},"priority":151},{"id":105,"action":{"type":"block"},"condition":{"urlFilter":"^banner^","initiatorDomains":["4lomza.pl","alipaczka.pl","autoklub.pl","calisia.pl","cashless.pl","centrumdruku3d.pl","chords.pl","enduhub.com","eurobuildcee.com","exspace.pl","extremehobby.eu","flashscore.pl","geoforum.pl","gospodarz.pl","konin24.info","miastociechocinek.com","moje-dzialdowo.pl","movie-box.pl","opinieouczelniach.pl","palukimogilno.pl","polonika.at","polskieradio.com","probasket.pl","strazacki.pl","tawernaskipperow.pl","technologieibudownictwo.pl","tygodnik-krapkowicki.info","tygodnikzamojski.pl","zawodykonne.com"],"isUrlFilterCaseSensitive":false},"priority":105},{"id":106,"action":{"type":"block"},"condition":{"urlFilter":"^banner_","initiatorDomains":["7dni.pila.pl","biegowe.pl","chemiaibiznes.com.pl","conamokotowie.pl","coreblog.pl","e-play.pl","exspace.pl","fcinter.pl","firmy.meblarstwo.eu","forumfajerwerki.pl","kotdoskonaly.pl","kucharze.pl","kurier-bielski.cnm.pl","legitymizm.org","lexus-forum.pl","meblarskapolska.pl","meczenazywo.pl","my3miasto.pl","podlaskieagro.pl","polacywewloszech.com","portalmedialny.pl","prestizgliwice.pl","probasket.pl","production-manager.pl","rdn.pl","sadnowoczesny.pl","slupca.pl","super-warez.eu","sweetwedding.pl","truckitransport.pl","tu.swinoujscie.pl","tygodnikpiski.pl","urodaizdrowie.pl","wiadomoscizaglebia.pl","wrc.net.pl","zielonanews.pl"],"isUrlFilterCaseSensitive":false},"priority":104},{"id":107,"action":{"type":"block"},"condition":{"urlFilter":"^banners-","initiatorDomains":["businesstraveller.pl"],"isUrlFilterCaseSensitive":false},"priority":201},{"id":108,"action":{"type":"block"},"condition":{"urlFilter":"^banners^","initiatorDomains":["4trucks.pl","agribiztvonline.com","alarmy.org","anonse-krosno.pl","augustowskireporter.pl","automotivesuppliers.pl","barlinek24.pl","beskidlive.pl","bieganie.pl","bitcoin-online.pl","bitcoin.pl","blacha.biz","brief.pl","brwinow.com","budowa.org","budownictwo.org","bytomski.pl","casting4nick.pl","cech-lipno.pl","chlodnictwo.biz","chlodnictwoiklimatyzacja.pl","cjo.edu.pl","conadrogach.pl","czasostrzeszowski.pl","cztery-lapy.pl","damagier.pl","dami.walbrzych.pl","daminfo.pl","darkplanet.pl","ddwlkp.pl","deweloperzy.pl","dj24.pl","domnaobcasach.com","dzieciaki-testuja.pl","dziennikmazowiecki.pl","e-kg.pl","e-konkursy.info","e-morag.pl","e-sadownictwo.pl","e-szamotuly.pl","ebelchatow.pl","ebrodnica.pl","ecentrum.pl","edzieci.pl","elektryka.org","elka.pl","elpcmaniak.pl","em.kielce.pl","eoborniki.pl","erp-view.pl","estrzelce.pl","euslugi.pl","ezamosc.pl","fakty.nl","filme.pl","fit-online.pl","forumfajerwerki.pl","garsoniera.com.pl","gazeta.ie","gazetacz.com.pl","gazwoda.pl","gisplay.pl","glogow-info.pl","glogow.info.pl","glucholazyonline.com.pl","gostynin24.pl","gramwzielone.pl","haszysz.com","independenttrader.pl","infolinia.com","infoprzasnysz.com","informacjelokalne.pl","internet-komputery.blogspot.com","ironmangdynia.pl","jakzapamietac.pl","jastrzebieonline.pl","jedzenie.info.pl","jemywlodzi.pl","juniorowo.pl","katowicedzis.pl","kierowcyhgv.uk","killuminati.pl","klimatyzacja.biz","kominy.biz","konecki24.pl","konin24.info","koscianiak.pl","krasnik24.pl","kroplaarganu.com","krosnocity.pl","ksiegowosc.org","kujawy.info","l24.lt","leonclub.pl","ligowiec.net","logistyka.net.pl","lowiczanin.info","lsi-lublin.pl","lubiehrubie.pl","luvpop.pl","magazyngitarzysta.pl","masarnieonline.pl","matematykazpasja.pl","materialybudowlane.info.pl","metale.org","mgsm.pl","miasto.koszalin.pl","miastokolobrzeg.pl","miastons.pl","miedziowe.pl","mleczarnieonline.pl","mleczarstwo.com","mojaorunia.pl","mojarodzina.org","moje-gniezno.pl","mojejaworzno.pl","moneyafterhours.blogspot.com","moszczenica.info","motofaktor.pl","motonews.pl","motoocena.pl","muzyczneradio.com.pl","nanarty.info","narzedziownia.org","naszaostroda.pl","naziemna.info","nczas.com","niedziela.nl","norwegofil.pl","notowania.net","nowawrzesnia.pl","nowemiasto.com.pl","nowepomorze.pl","nowypm.pl","nysa.fm","nysainfo.pl","obiektywne.pl","odkrywamyzakryte.com","odpylanie.info","ofg.pl","ogloszeniarolnicze.com.pl","ogrodnikleszek.pl","ogrzewanie.info.pl","okiemmaleny.pl","opakowania.biz","opoczno.info","otososnowiec.pl","partyzantka.com.pl","pcmusic.pl","petronews.pl","piekarnieonline.pl","piotrkowski24.pl","pnt24.info","po-bandzie.com.pl","podlaskieagro.pl","pogoda.info","polskaligatenisa.pl","polskaniepodlegla.pl","polskatradycja.pl","poradniki24h.pl","portal-hale.pl","portalmorski.pl","powiatsuski24.pl","pozeramstrony.pl","ppr.pl","praca.net","programtv.info","przeclaw24.pl","przedsiebiorcarolny.pl","przeglad-ogrodniczy.pl","przegladkoninski.pl","przekrojfinansowy.pl","pzl24.info","qulturaslowa.pl","radioplus.com.pl","radioq.fm","radomiak.pl","ratownik-med.pl","receptynadom.pl","ringpolska.pl","ringpolska24.pl","rolnictwo.com.pl","rtw.org.pl","rzeszowairport.pl","sacro.com.pl","samoloty.pl","sanatoria.com.pl","siewie.tv","skarzyski.eu","skawina24.com","slaskiesiemianowice.pl","slowosportowe.pl","slubice24.pl","sokolka.tv","stalowka.eu","staraoliwa.pl","stolarstwo.org","stonerchef.pl","styropian.biz","sucha24.pl","swiat-kamienia.pl","tanie-loty.com.pl","targowek.info","team29er.pl","telix.pl","terazjaslo.pl","tsk24.pl","tustolica.pl","tv28.pl","tvmazovia.pl","tvostrow.pl","twojejaslo.pl","twojezaglebie.pl","tworzywa.org","tygodnikdzialdowski.pl","wadowiceonline.pl","warsztatpodrozy.com","waszaturystyka.pl","wentylacja.biz","wiadomoscirudzkie.pl","wirtualnygarwolin.pl","wojsko.com.pl","wojskonews.pl","wolna-polska.pl","wroclawskiejedzenie.pl","wschodnik.pl","zambrowiacy.pl","zegarkiclub.pl","zegarkiipasja.pl","zory24.pl","zppa.org","zycie.me","zywiecinfo.pl"],"isUrlFilterCaseSensitive":false},"priority":102},{"id":109,"action":{"type":"block"},"condition":{"urlFilter":"^bannery^","initiatorDomains":["czytelniamedyczna.pl","e-grajewo.pl","em.kielce.pl","legionisci.com","najlepsze-porady.pl","nbi.com.pl","nocnygdansk.pl","obk.pl","ogrodinfo.pl","olsztyn24.com","pomorskifutbol.pl","transportchorego.pl","wagaciezka.com","walbrzych24.com","wiz.pl","wroclife.pl"],"isUrlFilterCaseSensitive":false},"priority":108},{"id":110,"action":{"type":"block"},"condition":{"urlFilter":"^bannnery^","initiatorDomains":["portalmorski.pl"],"isUrlFilterCaseSensitive":false},"priority":201},{"id":111,"action":{"type":"block"},"condition":{"urlFilter":"^bans^","initiatorDomains":["plastech.pl"],"isUrlFilterCaseSensitive":false},"priority":201},{"id":112,"action":{"type":"block"},"condition":{"urlFilter":"^biframe^","initiatorDomains":["info.elblag.pl"],"isUrlFilterCaseSensitive":false},"priority":201},{"id":113,"action":{"type":"block"},"condition":{"urlFilter":"^bimg^","initiatorDomains":["tustolica.pl"],"isUrlFilterCaseSensitive":false},"priority":201},{"id":114,"action":{"type":"block"},"condition":{"urlFilter":"^campaign^","initiatorDomains":["cire.pl"],"isUrlFilterCaseSensitive":false},"priority":201},{"id":115,"action":{"type":"block"},"condition":{"urlFilter":"^campaigns^","initiatorDomains":["grodzisknews.pl","radomsko24.pl"],"isUrlFilterCaseSensitive":false},"priority":151},{"id":116,"action":{"type":"block"},"condition":{"urlFilter":"^cms_banery^","initiatorDomains":["architekturaibiznes.pl"],"isUrlFilterCaseSensitive":false},"priority":201},{"id":117,"action":{"type":"block"},"condition":{"urlFilter":"^edytom.","initiatorDomains":["legitymizm.org"],"isUrlFilterCaseSensitive":false},"priority":201},{"id":118,"action":{"type":"block"},"condition":{"urlFilter":"^grafika2^","initiatorDomains":["tsk24.pl"],"isUrlFilterCaseSensitive":false},"priority":201},{"id":119,"action":{"type":"block"},"condition":{"urlFilter":"^img_bannery^","initiatorDomains":["piszanin.pl"],"isUrlFilterCaseSensitive":false},"priority":201},{"id":120,"action":{"type":"block"},"condition":{"urlFilter":"^ims^","initiatorDomains":["gorzow24.pl"],"isUrlFilterCaseSensitive":false},"priority":201},{"id":121,"action":{"type":"block"},"condition":{"urlFilter":"^inline__1_","initiatorDomains":["24jgora.pl","24wroclaw.pl","bbfan.pl","ciechanowinaczej.pl","e-kg.pl","egarwolin.pl","eprzasnysz.pl","gpr24.pl","ibemowo.pl","ibialoleka.pl","ibielany.pl","imokotow.pl","inowroclaw.info.pl","iochota.pl","iotwock.info","itargowek.pl","iursus.pl","iursynow.pl","iwawer.pl","iwilanow.pl","iwola.pl","izoliborz.pl","kurierpodlaski.pl","nowagazeta.pl","nwloclawek.pl","ototorun.pl","sejny.net","sucha24.pl","tudeblin.pl","tulegnica.pl","turyki.pl","twojradom.pl","wio.waw.pl","zambrow.org","zycie.pila.pl","zyciekalisza.pl"],"isUrlFilterCaseSensitive":false},"priority":104},{"id":122,"action":{"type":"block"},"condition":{"urlFilter":"^inline_images/114^","initiatorDomains":["mylomza.pl"],"isUrlFilterCaseSensitive":false},"priority":201},{"id":123,"action":{"type":"block"},"condition":{"urlFilter":"^inne^","initiatorDomains":["bezrzecze24.pl","gminadobra24.pl","gumience24.pl","mierzyn24.pl"],"isUrlFilterCaseSensitive":false},"priority":126},{"id":124,"action":{"type":"block"},"condition":{"urlFilter":"^kampania_reklamowa^","initiatorDomains":["lubliniec.info"],"isUrlFilterCaseSensitive":false},"priority":201},{"id":125,"action":{"type":"block"},"condition":{"urlFilter":"^logo-","initiatorDomains":["legitymizm.org"],"isUrlFilterCaseSensitive":false},"priority":201},{"id":126,"action":{"type":"block"},"condition":{"urlFilter":"^nowosc_images^","initiatorDomains":["angielski.slowka.pl"],"isUrlFilterCaseSensitive":false},"priority":201},{"id":127,"action":{"type":"block"},"condition":{"urlFilter":"^partner^","initiatorDomains":["podajdalej.info.pl"],"isUrlFilterCaseSensitive":false},"priority":201},{"id":128,"action":{"type":"block"},"condition":{"urlFilter":"^pasek_reklam^","initiatorDomains":["proszkow.eu"],"isUrlFilterCaseSensitive":false},"priority":201},{"id":129,"action":{"type":"block"},"condition":{"urlFilter":"^placeholder_wp^","initiatorDomains":["benchmark.pl"],"isUrlFilterCaseSensitive":false},"priority":201},{"id":130,"action":{"type":"block"},"condition":{"urlFilter":"^polecamy^","initiatorDomains":["almanak.pl"],"isUrlFilterCaseSensitive":false},"priority":201},{"id":131,"action":{"type":"block"},"condition":{"urlFilter":"^promo^","initiatorDomains":["minecraft-list.pl"],"isUrlFilterCaseSensitive":false},"priority":201},{"id":132,"action":{"type":"block"},"condition":{"urlFilter":"^rek^","initiatorDomains":["wiadomoscipw.pl"],"resourceTypes":["image"],"isUrlFilterCaseSensitive":false},"priority":301},{"id":133,"action":{"type":"block"},"condition":{"urlFilter":"^rekl^","initiatorDomains":["pgt.pl"],"isUrlFilterCaseSensitive":false},"priority":201},{"id":134,"action":{"type":"block"},"condition":{"urlFilter":"^reklama-","initiatorDomains":["bilgorajska.pl","fizjoterapeuty.pl","fleschmazowsza.com.pl","icelandnews.is","infofordon.pl","ipulawy.pl","jaslo.info","miedzyzdrojskie.info","mojgdow.pl","naszwybir.pl","ok24.tv","warka24.pl","wodnyrelax.pl"],"isUrlFilterCaseSensitive":false},"priority":109},{"id":135,"action":{"type":"block"},"condition":{"urlFilter":"^Reklama-","initiatorDomains":["noworudzianin.pl"],"isUrlFilterCaseSensitive":false},"priority":201},{"id":136,"action":{"type":"block"},"condition":{"urlFilter":"^reklama-","initiatorDomains":["tkn24.pl","transg.pl","tv-pelplin.pl"],"isUrlFilterCaseSensitive":false},"priority":135},{"id":137,"action":{"type":"block"},"condition":{"urlFilter":"^reklama0_","initiatorDomains":["24ikp.pl"],"isUrlFilterCaseSensitive":false},"priority":201},{"id":138,"action":{"type":"block"},"condition":{"urlFilter":"^reklama_","initiatorDomains":["24ikp.pl","greencanoe.pl","jaslo4u.pl","kazimierzdolny24.pl","konstancin.com","legitymizm.org","miedzyzdrojskie.info","tarnowiak.pl","tylkotorun.pl"],"isUrlFilterCaseSensitive":false},"priority":113},{"id":139,"action":{"type":"block"},"condition":{"urlFilter":"^reklamowe^","initiatorDomains":["bolec.info"],"isUrlFilterCaseSensitive":false},"priority":201},{"id":140,"action":{"type":"block"},"condition":{"urlFilter":"^reklamy-","initiatorDomains":["ipulawy.pl"],"isUrlFilterCaseSensitive":false},"priority":201},{"id":141,"action":{"type":"block"},"condition":{"urlFilter":"^reklamy_","initiatorDomains":["gazetka.be"],"isUrlFilterCaseSensitive":false},"priority":201},{"id":142,"action":{"type":"block"},"condition":{"urlFilter":"^rekrek^","initiatorDomains":["moj-sen.net"],"isUrlFilterCaseSensitive":false},"priority":201},{"id":143,"action":{"type":"block"},"condition":{"urlFilter":"^rotator^","initiatorDomains":["gorzowianin.com","lubuskie24.pl"],"isUrlFilterCaseSensitive":false},"priority":151},{"id":144,"action":{"type":"block"},"condition":{"urlFilter":"^sam-pro-images^","initiatorDomains":["mojaswidnica.pl"],"isUrlFilterCaseSensitive":false},"priority":201},{"id":145,"action":{"type":"block"},"condition":{"urlFilter":"^sponsorowane^","initiatorDomains":["staraoliwa.pl"],"isUrlFilterCaseSensitive":false},"priority":201},{"id":146,"action":{"type":"block"},"condition":{"urlFilter":"^statystyk_box.","initiatorDomains":["bajery.pl"],"isUrlFilterCaseSensitive":false},"priority":201},{"id":147,"action":{"type":"block"},"condition":{"urlFilter":"^xbaner_","initiatorDomains":["kuriernauczycielski.pl"],"isUrlFilterCaseSensitive":false},"priority":201},{"id":148,"action":{"type":"block"},"condition":{"urlFilter":"^xbanner_","initiatorDomains":["radiozulawy.pl"],"isUrlFilterCaseSensitive":false},"priority":201},{"id":149,"action":{"type":"block"},"condition":{"urlFilter":"^zdjecia_reklamy^","initiatorDomains":["radio.katowice.pl"],"isUrlFilterCaseSensitive":false},"priority":201},{"id":150,"action":{"type":"block"},"condition":{"urlFilter":"_ban.","initiatorDomains":["radomsport.pl"],"isUrlFilterCaseSensitive":false},"priority":201},{"id":151,"action":{"type":"block"},"condition":{"urlFilter":"_baner%","initiatorDomains":["transg.pl"],"isUrlFilterCaseSensitive":false},"priority":201},{"id":152,"action":{"type":"block"},"condition":{"urlFilter":"_baner-","initiatorDomains":["gazetabilgoraj.pl"],"isUrlFilterCaseSensitive":false},"priority":201},{"id":153,"action":{"type":"block"},"condition":{"urlFilter":"_baner_","initiatorDomains":["panoramakutna.pl","telewizjazary.pl"],"isUrlFilterCaseSensitive":false},"priority":151},{"id":154,"action":{"type":"block"},"condition":{"urlFilter":"_banerek.","initiatorDomains":["plytkiceramiczne.info.pl"],"isUrlFilterCaseSensitive":false},"priority":201},{"id":155,"action":{"type":"block"},"condition":{"urlFilter":"_banerowy^","initiatorDomains":["nowywyszkowiak.pl"],"isUrlFilterCaseSensitive":false},"priority":201},{"id":156,"action":{"type":"block"},"condition":{"urlFilter":"_banner-","initiatorDomains":["bitcoin.pl"],"isUrlFilterCaseSensitive":false},"priority":201},{"id":157,"action":{"type":"block"},"condition":{"urlFilter":"_banner.","initiatorDomains":["polacywewloszech.com","swiatmetali.eu"],"isUrlFilterCaseSensitive":false},"priority":151},{"id":158,"action":{"type":"block"},"condition":{"urlFilter":"_banner_","initiatorDomains":["chemiaibiznes.com.pl","cire.pl","cksport.pl","dzisiajwgliwicach.pl","e-pingpong.pl","forumfajerwerki.pl","jagodnik.pl","juliarozumek.pl","katalogprzedsiebiorstw.pl","kb.pl","kpzpn.pl","kuriergarwolinski.pl","nowy-sacz.info","pionki24.pl","polishexpress.co.uk","poradnikhandlowca.com.pl","przewodnicywedkarscy.pl","starosadeckie.info","stolarkabudowlana.eu","swarzedz24.pl","tygodnik-rolniczy.pl","warzywa.pl","wydawca.com.pl"],"isUrlFilterCaseSensitive":false},"priority":106},{"id":159,"action":{"type":"block"},"condition":{"urlFilter":"_reklama.","initiatorDomains":["radomsport.pl"],"isUrlFilterCaseSensitive":false},"priority":201},{"id":160,"action":{"type":"block"},"condition":{"urlFilter":"_reklama^","initiatorDomains":["tarnowiak.pl"],"isUrlFilterCaseSensitive":false},"priority":201},{"id":161,"action":{"type":"block"},"condition":{"urlFilter":"_reklamy^","initiatorDomains":["weekendfm.pl"],"isUrlFilterCaseSensitive":false},"priority":201},{"id":162,"action":{"type":"block"},"condition":{"urlFilter":"files.librus.pl^*^*_loginR_","isUrlFilterCaseSensitive":false},"priority":1},{"id":163,"action":{"type":"block"},"condition":{"urlFilter":"files.librus.pl^*^r_","isUrlFilterCaseSensitive":false},"priority":1},{"id":164,"action":{"type":"block"},"condition":{"urlFilter":"||3.fwcdn.pl^*^welcomeMain.","initiatorDomains":["filmweb.com"],"resourceTypes":["script"],"isUrlFilterCaseSensitive":false},"priority":301},{"id":165,"action":{"type":"block"},"condition":{"urlFilter":"||4media.com^","initiatorDomains":["lokalna24.pl"],"isUrlFilterCaseSensitive":false},"priority":201},{"id":166,"action":{"type":"block"},"condition":{"urlFilter":"||ad.polskiprzemysl.com.pl^","isUrlFilterCaseSensitive":false},"priority":1},{"id":167,"action":{"type":"block"},"condition":{"urlFilter":"||ad.prv.pl^","isUrlFilterCaseSensitive":false},"priority":1},{"id":168,"action":{"type":"block"},"condition":{"urlFilter":"||automotivesuppliers.pl^*^djmediatools^*-lewa-","isUrlFilterCaseSensitive":false},"priority":1},{"id":169,"action":{"type":"block"},"condition":{"urlFilter":"||autorak.com.pl^","initiatorDomains":["nadwisla24.pl"],"resourceTypes":["sub_frame"],"isUrlFilterCaseSensitive":false},"priority":301},{"id":170,"action":{"type":"block"},"condition":{"urlFilter":"||b3866505.smushcdn.com/3866505/wp-content/uploads/2024/12/Bez-nazwy-1.png?lossy=2&strip=1&webp=1","isUrlFilterCaseSensitive":false},"priority":1},{"id":171,"action":{"type":"block"},"condition":{"urlFilter":"||bejsment.com^*^300x100xbejsment-","isUrlFilterCaseSensitive":false},"priority":1},{"id":172,"action":{"type":"block"},"condition":{"urlFilter":"||bejsment.com^*^dalekDiamonds300x","isUrlFilterCaseSensitive":false},"priority":1},{"id":173,"action":{"type":"block"},"condition":{"urlFilter":"||biotechnologia.pl^*^ats^","isUrlFilterCaseSensitive":false},"priority":1},{"id":174,"action":{"type":"block"},"condition":{"urlFilter":"||bitcoinwidget.pl^","initiatorDomains":["jpktraders.pl"],"isUrlFilterCaseSensitive":false},"priority":201},{"id":175,"action":{"type":"block"},"condition":{"urlFilter":"||blogomaniak.pl^*-ceneo-","isUrlFilterCaseSensitive":false},"priority":1},{"id":176,"action":{"type":"block"},"condition":{"urlFilter":"||bluepartner.pl^","initiatorDomains":["infofordon.pl"],"resourceTypes":["script"],"isUrlFilterCaseSensitive":false},"priority":301},{"id":177,"action":{"type":"block"},"condition":{"urlFilter":"||bobrowniki.tv^*^praca-piekary.","isUrlFilterCaseSensitive":false},"priority":1},{"id":178,"action":{"type":"block"},"condition":{"urlFilter":"||botland.com.pl^*^banery_","resourceTypes":["script"],"isUrlFilterCaseSensitive":false},"priority":101},{"id":179,"action":{"type":"block"},"condition":{"urlFilter":"||bstok.pl^*^iparts.","isUrlFilterCaseSensitive":false},"priority":1},{"id":180,"action":{"type":"block"},"condition":{"urlFilter":"||busiarze.com.pl^*^lacus-","isUrlFilterCaseSensitive":false},"priority":1},{"id":181,"action":{"type":"block"},"condition":{"urlFilter":"||busiarze.com.pl^*^Webp.net-","isUrlFilterCaseSensitive":false},"priority":1},{"id":182,"action":{"type":"block"},"condition":{"urlFilter":"||cdn.gallery^*^files^","initiatorDomains":["szczecinek.com"],"resourceTypes":["image"],"isUrlFilterCaseSensitive":false},"priority":301},{"id":183,"action":{"type":"block"},"condition":{"urlFilter":"||cdn.sterta.pl^","initiatorDomains":["rusz.pl"],"isUrlFilterCaseSensitive":false},"priority":201},{"id":184,"action":{"type":"block"},"condition":{"urlFilter":"||ceneo.pl^","initiatorDomains":["7dni.pila.pl","archigame.pl","exerim.pl","grojec24.net","komputery-pc.info","nowinylokalne.pl","pch24.info","pgo24.pl","pmi24.info","tromil.pl","warownie.pl"],"resourceTypes":["image"],"isUrlFilterCaseSensitive":false},"priority":211},{"id":185,"action":{"type":"block"},"condition":{"urlFilter":"||ceny-zlomu.pl^*-223x134_","isUrlFilterCaseSensitive":false},"priority":1},{"id":186,"action":{"type":"block"},"condition":{"urlFilter":"||ceny-zlomu.pl^images^*_223x134.","isUrlFilterCaseSensitive":false},"priority":1},{"id":187,"action":{"type":"block"},"condition":{"urlFilter":"||chemiaibiznes.com.pl/assets/upload/kamp^","resourceTypes":["image"],"isUrlFilterCaseSensitive":false},"priority":101},{"id":188,"action":{"type":"block"},"condition":{"urlFilter":"||chwaszczyno.pl^*^RAI-","isUrlFilterCaseSensitive":false},"priority":1},{"id":189,"action":{"type":"block"},"condition":{"urlFilter":"||dobrewiadomosci.eu^*^opal_","isUrlFilterCaseSensitive":false},"priority":1},{"id":190,"action":{"type":"block"},"condition":{"urlFilter":"||dopilar.pl^*^sky1.","isUrlFilterCaseSensitive":false},"priority":1},{"id":191,"action":{"type":"block"},"condition":{"urlFilter":"||dx-team.org^*^pover.","isUrlFilterCaseSensitive":false},"priority":1},{"id":192,"action":{"type":"block"},"condition":{"urlFilter":"||dz-ow.pl^*^narty.","isUrlFilterCaseSensitive":false},"priority":1},{"id":193,"action":{"type":"block"},"condition":{"urlFilter":"||e-hotelarz.pl^*=300x80^","isUrlFilterCaseSensitive":false},"priority":1},{"id":194,"action":{"type":"block"},"condition":{"urlFilter":"||e-hotelarz.pl^*=750x200^","isUrlFilterCaseSensitive":false},"priority":1},{"id":195,"action":{"type":"block"},"condition":{"urlFilter":"||e-pingpong.pl^*^pileczkigewo-","isUrlFilterCaseSensitive":false},"priority":1},{"id":196,"action":{"type":"block"},"condition":{"urlFilter":"||e-pingpong.pl^*^reklamapingpong.","isUrlFilterCaseSensitive":false},"priority":1},{"id":197,"action":{"type":"block"},"condition":{"urlFilter":"||e-pingpong.pl^*reklama.","isUrlFilterCaseSensitive":false},"priority":1},{"id":198,"action":{"type":"block"},"condition":{"urlFilter":"||ebarlinek.pl^*^beznazwy-","isUrlFilterCaseSensitive":false},"priority":1},{"id":199,"action":{"type":"block"},"condition":{"urlFilter":"||ebookpoint.pl","initiatorDomains":["swiatczytnikow.pl"],"resourceTypes":["sub_frame"],"isUrlFilterCaseSensitive":false},"priority":301},{"id":200,"action":{"type":"block"},"condition":{"urlFilter":"||ec.bankier.pl^","initiatorDomains":["icyfrowypolsat.pl"],"resourceTypes":["script"],"isUrlFilterCaseSensitive":false},"priority":301},{"id":201,"action":{"type":"block"},"condition":{"urlFilter":"||echogorzowa.pl^*^2015/516^","isUrlFilterCaseSensitive":false},"priority":1},{"id":202,"action":{"type":"block"},"condition":{"urlFilter":"||edipresse.hit.gemius.pl^","initiatorDomains":["przyslijprzepis.pl"],"isUrlFilterCaseSensitive":false},"priority":201},{"id":203,"action":{"type":"block"},"condition":{"urlFilter":"||egorzow.pl^*-pzu_gorzow_","isUrlFilterCaseSensitive":false},"priority":1},{"id":204,"action":{"type":"block"},"condition":{"urlFilter":"||ekologia.guru^*^seo.","isUrlFilterCaseSensitive":false},"priority":1},{"id":205,"action":{"type":"block"},"condition":{"urlFilter":"||elubaczow.com^*^lprez.","isUrlFilterCaseSensitive":false},"priority":1},{"id":206,"action":{"type":"block"},"condition":{"urlFilter":"||emisja.contentstream.pl^","initiatorDomains":["innemedium.pl","superdania.pl","tojuzbylo.pl","tylkoastronomia.pl","tylkomedycyna.pl","tylkonauka.pl","tylkoprzyroda.pl","ulub.pl","zmianynaziemi.pl","zmianysolarne.pl"],"resourceTypes":["script"],"isUrlFilterCaseSensitive":false},"priority":211},{"id":207,"action":{"type":"block"},"condition":{"urlFilter":"||eostroleka.pl^*^cache-","isUrlFilterCaseSensitive":false},"priority":1},{"id":208,"action":{"type":"block"},"condition":{"urlFilter":"||esanok.pl/dodatki^","isUrlFilterCaseSensitive":false},"priority":1},{"id":209,"action":{"type":"block"},"condition":{"urlFilter":"||esensja.pl^*^madbooks_","isUrlFilterCaseSensitive":false},"priority":1},{"id":210,"action":{"type":"block"},"condition":{"urlFilter":"||esensja.pl^*^skapiec-","isUrlFilterCaseSensitive":false},"priority":1},{"id":211,"action":{"type":"block"},"condition":{"urlFilter":"||eswinoujscie.pl^*^layered-popups^","isUrlFilterCaseSensitive":false},"priority":1},{"id":212,"action":{"type":"block"},"condition":{"urlFilter":"||eswinoujscie.pl^*^radiotaxiswinoujscie.","isUrlFilterCaseSensitive":false},"priority":1},{"id":213,"action":{"type":"block"},"condition":{"urlFilter":"||fadstrack.com^","initiatorDomains":["make-cash.pl"],"resourceTypes":["script"],"isUrlFilterCaseSensitive":false},"priority":301},{"id":214,"action":{"type":"block"},"condition":{"urlFilter":"||faunaflora.com.pl/euroanimal.","isUrlFilterCaseSensitive":false},"priority":1},{"id":215,"action":{"type":"block"},"condition":{"urlFilter":"||fcinter.pl^*^iparts*.","isUrlFilterCaseSensitive":false},"priority":1},{"id":216,"action":{"type":"block"},"condition":{"urlFilter":"||fiatklubpolska.pl^*-iparts.","isUrlFilterCaseSensitive":false},"priority":1},{"id":217,"action":{"type":"block"},"condition":{"urlFilter":"||fireads.online^","domainType":"thirdParty","isUrlFilterCaseSensitive":false},"priority":2},{"id":218,"action":{"type":"block"},"condition":{"urlFilter":"||forum.haszysz.com/solarr^","resourceTypes":["image"],"isUrlFilterCaseSensitive":false},"priority":101},{"id":219,"action":{"type":"block"},"condition":{"urlFilter":"||gazetasenior.pl^*_300x300_","isUrlFilterCaseSensitive":false},"priority":1},{"id":220,"action":{"type":"block"},"condition":{"urlFilter":"||getsitecontrol.com^","initiatorDomains":["swiatmotocykli.pl"],"resourceTypes":["script"],"isUrlFilterCaseSensitive":false},"priority":301},{"id":221,"action":{"type":"block"},"condition":{"urlFilter":"||getyourguide.com","initiatorDomains":["tuhiszpania.pl"],"isUrlFilterCaseSensitive":false},"priority":201},{"id":222,"action":{"type":"block"},"condition":{"urlFilter":"||glos-tn.krakow.pl/palottifm.","isUrlFilterCaseSensitive":false},"priority":1},{"id":223,"action":{"type":"block"},"condition":{"urlFilter":"||goldap.org.pl^*^fronton.","isUrlFilterCaseSensitive":false},"priority":1},{"id":224,"action":{"type":"block"},"condition":{"urlFilter":"||goniec.net^*^topmortgagesqweb.","isUrlFilterCaseSensitive":false},"priority":1},{"id":225,"action":{"type":"block"},"condition":{"urlFilter":"||gorydlaciebie.pl^*^booking-","isUrlFilterCaseSensitive":false},"priority":1},{"id":226,"action":{"type":"block"},"condition":{"urlFilter":"||gpi5.glogow.pl/rek^","initiatorDomains":["glogow-info.pl","glogow.info.pl"],"isUrlFilterCaseSensitive":false},"priority":151},{"id":227,"action":{"type":"block"},"condition":{"urlFilter":"||grapplerinfo.pl/wp-content/uploads/2021/12/grappler-info-banner-costum-wear-2048x332.jpg","isUrlFilterCaseSensitive":false},"priority":1},{"id":228,"action":{"type":"block"},"condition":{"urlFilter":"||grapplerinfo.pl/wp-content/uploads/2021/12/grappler-info-banner-kod-rabat-2048x332.jpg","isUrlFilterCaseSensitive":false},"priority":1},{"id":229,"action":{"type":"block"},"condition":{"urlFilter":"||grapplerinfo.pl/wp-content/uploads/2024/11/grappler-info-banner.jpg","isUrlFilterCaseSensitive":false},"priority":1},{"id":230,"action":{"type":"block"},"condition":{"urlFilter":"||greencanoe.pl^*^248x248px_","isUrlFilterCaseSensitive":false},"priority":1},{"id":231,"action":{"type":"block"},"condition":{"urlFilter":"||hdtvpolska.com/wp-content/uploads/2021/06/magicLinks_2_1_500x300_v2.jpg","isUrlFilterCaseSensitive":false},"priority":1},{"id":232,"action":{"type":"block"},"condition":{"urlFilter":"||hi-fi.com.pl/wp-content/uploads/2024/11/bannerhifi-high-end2_-1.png.webp","isUrlFilterCaseSensitive":false},"priority":1},{"id":233,"action":{"type":"block"},"condition":{"urlFilter":"||hiszpania-apartamenty.pl^*^hotele.","isUrlFilterCaseSensitive":false},"priority":1},{"id":234,"action":{"type":"block"},"condition":{"urlFilter":"||hiszpania-apartamenty.pl^*^samochody.","isUrlFilterCaseSensitive":false},"priority":1},{"id":235,"action":{"type":"block"},"condition":{"urlFilter":"||hyperreal.info/talk/download/DeborahPhillips.jpg","isUrlFilterCaseSensitive":false},"priority":1},{"id":236,"action":{"type":"block"},"condition":{"urlFilter":"||info.stargard.pl^*^tlo_info.","isUrlFilterCaseSensitive":false},"priority":1},{"id":237,"action":{"type":"block"},"condition":{"urlFilter":"||infobeskidy.eu^*^files/r*.png","isUrlFilterCaseSensitive":false},"priority":1},{"id":238,"action":{"type":"block"},"condition":{"urlFilter":"||izachodniopomorskie.pl^*^Tanie_foto_","isUrlFilterCaseSensitive":false},"priority":1},{"id":239,"action":{"type":"block"},"condition":{"urlFilter":"||kantorywalut.pl^*^ik_gif-","isUrlFilterCaseSensitive":false},"priority":1},{"id":240,"action":{"type":"block"},"condition":{"urlFilter":"||kcynia.info^*^rolnik-serwis2.","isUrlFilterCaseSensitive":false},"priority":1},{"id":241,"action":{"type":"block"},"condition":{"urlFilter":"||kmziz.pl^*^728x90c^","isUrlFilterCaseSensitive":false},"priority":1},{"id":242,"action":{"type":"block"},"condition":{"urlFilter":"||kobiety-kobietom.com^*^dobrykantor.","isUrlFilterCaseSensitive":false},"priority":1},{"id":243,"action":{"type":"block"},"condition":{"urlFilter":"||komediowo.pl^*^ciekawe-miejsca-","isUrlFilterCaseSensitive":false},"priority":1},{"id":244,"action":{"type":"block"},"condition":{"urlFilter":"||kreacje.ebroker.pl^","initiatorDomains":["max-kasa.pl"],"resourceTypes":["image"],"isUrlFilterCaseSensitive":false},"priority":301},{"id":245,"action":{"type":"block"},"condition":{"urlFilter":"||kryniczanie.pl^*^ubezpieczenie-na-","isUrlFilterCaseSensitive":false},"priority":1},{"id":246,"action":{"type":"block"},"condition":{"urlFilter":"||kryptoporadnik.pl^*^binance_","isUrlFilterCaseSensitive":false},"priority":1},{"id":247,"action":{"type":"block"},"condition":{"urlFilter":"||kryptowaluty.info.pl^*^ezgif.","isUrlFilterCaseSensitive":false},"priority":1},{"id":248,"action":{"type":"block"},"condition":{"urlFilter":"||leszczynscy.nazwa.pl^","initiatorDomains":["zlotowskie.pl"],"resourceTypes":["image","xmlhttprequest"],"isUrlFilterCaseSensitive":false},"priority":276},{"id":249,"action":{"type":"block"},"condition":{"urlFilter":"||lilia.doba.pl^","resourceTypes":["image"],"isUrlFilterCaseSensitive":false},"priority":101},{"id":250,"action":{"type":"block"},"condition":{"urlFilter":"||lubartow24.pl/b^","isUrlFilterCaseSensitive":false},"priority":1},{"id":251,"action":{"type":"block"},"condition":{"urlFilter":"||lubawka.info/okna-drzwi-","isUrlFilterCaseSensitive":false},"priority":1},{"id":252,"action":{"type":"block"},"condition":{"urlFilter":"||lwowecki.info^*^03/samson-","isUrlFilterCaseSensitive":false},"priority":1},{"id":253,"action":{"type":"block"},"condition":{"urlFilter":"||majsterkowo.pl/wp-content/themes/majsterkowobox/assets/js/head.","isUrlFilterCaseSensitive":false},"priority":1},{"id":254,"action":{"type":"block"},"condition":{"urlFilter":"||majsterkowo.pl/wp-content/themes/majsterkowobox/style.","isUrlFilterCaseSensitive":false},"priority":1},{"id":255,"action":{"type":"block"},"condition":{"urlFilter":"||masztu.pl^*^udzialowiec.","isUrlFilterCaseSensitive":false},"priority":1},{"id":256,"action":{"type":"block"},"condition":{"urlFilter":"||mazopolska.pl^*-300x150.","isUrlFilterCaseSensitive":false},"priority":1},{"id":257,"action":{"type":"block"},"condition":{"urlFilter":"||mazopolska.pl^*^protech-baner","isUrlFilterCaseSensitive":false},"priority":1},{"id":258,"action":{"type":"block"},"condition":{"urlFilter":"||mazury.info.pl^1logo^","isUrlFilterCaseSensitive":false},"priority":1},{"id":259,"action":{"type":"block"},"condition":{"urlFilter":"||miastokolobrzeg.pl^*^brico","isUrlFilterCaseSensitive":false},"priority":1},{"id":260,"action":{"type":"block"},"condition":{"urlFilter":"||mmarocks.pl^*^1342x178.","isUrlFilterCaseSensitive":false},"priority":1},{"id":261,"action":{"type":"block"},"condition":{"urlFilter":"||modele.sklep.pl/images/banery^","initiatorDomains":["pfmrc.eu"],"resourceTypes":["image"],"isUrlFilterCaseSensitive":false},"priority":301},{"id":262,"action":{"type":"block"},"condition":{"urlFilter":"||motocykle125.pl^*^junak^","resourceTypes":["sub_frame"],"isUrlFilterCaseSensitive":false},"priority":101},{"id":263,"action":{"type":"block"},"condition":{"urlFilter":"||nevicom.pl/wyswietl_baner.","domainType":"thirdParty","resourceTypes":["script"],"isUrlFilterCaseSensitive":false},"priority":102},{"id":264,"action":{"type":"block"},"condition":{"urlFilter":"||niebiescy.pl^*^icservice_","isUrlFilterCaseSensitive":false},"priority":1},{"id":265,"action":{"type":"block"},"condition":{"urlFilter":"||niebiescy.pl^*^iparts_","isUrlFilterCaseSensitive":false},"priority":1},{"id":266,"action":{"type":"block"},"condition":{"urlFilter":"||niebiescy.pl^*^piroshop_","isUrlFilterCaseSensitive":false},"priority":1},{"id":267,"action":{"type":"block"},"condition":{"urlFilter":"||niebiescy.pl^*^stefanik_","isUrlFilterCaseSensitive":false},"priority":1},{"id":268,"action":{"type":"block"},"condition":{"urlFilter":"||odkryjpomorze.pl^*^loga_prawa_","isUrlFilterCaseSensitive":false},"priority":1},{"id":269,"action":{"type":"block"},"condition":{"urlFilter":"||ogloszeniarolnicze.com.pl^**^mkw-nowa.","isUrlFilterCaseSensitive":false},"priority":1},{"id":270,"action":{"type":"block"},"condition":{"urlFilter":"||ok24.tv^*^06/lasvegan.","isUrlFilterCaseSensitive":false},"priority":1},{"id":271,"action":{"type":"block"},"condition":{"urlFilter":"||partner.rankomat.pl^","initiatorDomains":["skionline.pl"],"isUrlFilterCaseSensitive":false},"priority":201},{"id":272,"action":{"type":"block"},"condition":{"urlFilter":"||pfcc.eu^*^automaty.","isUrlFilterCaseSensitive":false},"priority":1},{"id":273,"action":{"type":"block"},"condition":{"urlFilter":"||pfcc.eu^*^choryzont.","isUrlFilterCaseSensitive":false},"priority":1},{"id":274,"action":{"type":"block"},"condition":{"urlFilter":"||pfcc.eu^*^goldrop.","isUrlFilterCaseSensitive":false},"priority":1},{"id":275,"action":{"type":"block"},"condition":{"urlFilter":"||plonsk24.pl^*^img_67^","isUrlFilterCaseSensitive":false},"priority":1},{"id":276,"action":{"type":"block"},"condition":{"urlFilter":"||plonsk24.pl^*^img_72^","isUrlFilterCaseSensitive":false},"priority":1},{"id":277,"action":{"type":"block"},"condition":{"urlFilter":"||podhale24.pl/uploads/r^","isUrlFilterCaseSensitive":false},"priority":1},{"id":278,"action":{"type":"block"},"condition":{"urlFilter":"||poland.us^*^katalog^","isUrlFilterCaseSensitive":false},"priority":1},{"id":279,"action":{"type":"block"},"condition":{"urlFilter":"||polonia-peterborough.uk^*^studio-fotograficzne-","isUrlFilterCaseSensitive":false},"priority":1},{"id":280,"action":{"type":"block"},"condition":{"urlFilter":"||polskielupki.pl^*^*consulting.","isUrlFilterCaseSensitive":false},"priority":1},{"id":281,"action":{"type":"block"},"condition":{"urlFilter":"||poludnie.com.pl^*_banery-www2.","isUrlFilterCaseSensitive":false},"priority":1},{"id":282,"action":{"type":"block"},"condition":{"urlFilter":"||poradnik-pacjenta.pl^*-rekl.","isUrlFilterCaseSensitive":false},"priority":1},{"id":283,"action":{"type":"block"},"condition":{"urlFilter":"||portalmorski.pl^*^pmb^","isUrlFilterCaseSensitive":false},"priority":1},{"id":284,"action":{"type":"block"},"condition":{"urlFilter":"||postimg.cc^","initiatorDomains":["pogonsportnet.pl"],"isUrlFilterCaseSensitive":false},"priority":201},{"id":285,"action":{"type":"block"},"condition":{"urlFilter":"||prudnik24.pl^*^wypozyczalnia_gastronomiczna.","isUrlFilterCaseSensitive":false},"priority":1},{"id":286,"action":{"type":"block"},"condition":{"urlFilter":"||ps3-hack.pl^*^buttons/VirtualFuture.","isUrlFilterCaseSensitive":false},"priority":1},{"id":287,"action":{"type":"block"},"condition":{"urlFilter":"||radiosudety24.pl^*^sad^","resourceTypes":["image"],"isUrlFilterCaseSensitive":false},"priority":101},{"id":288,"action":{"type":"block"},"condition":{"urlFilter":"||redefineadpl.hit.gemius.pl^","initiatorDomains":["polsatnews.pl","polsatsport.pl"],"isUrlFilterCaseSensitive":false},"priority":151},{"id":289,"action":{"type":"block"},"condition":{"urlFilter":"||rehabilitacyjne.pl^*_maxim.","isUrlFilterCaseSensitive":false},"priority":1},{"id":290,"action":{"type":"block"},"condition":{"urlFilter":"||reklama-lowicz.pl^","initiatorDomains":["lowicz24.eu"],"resourceTypes":["image"],"isUrlFilterCaseSensitive":false},"priority":301},{"id":291,"action":{"type":"block"},"condition":{"urlFilter":"||rep.leaselink.pl/plugin^","initiatorDomains":["icomp.pl"],"resourceTypes":["script"],"isUrlFilterCaseSensitive":false},"priority":301},{"id":292,"action":{"type":"block"},"condition":{"urlFilter":"||rlu24.pl^marek2.","isUrlFilterCaseSensitive":false},"priority":1},{"id":293,"action":{"type":"block"},"condition":{"urlFilter":"||rodaknet.com/reklamujemy^","isUrlFilterCaseSensitive":false},"priority":1},{"id":294,"action":{"type":"block"},"condition":{"urlFilter":"||sc.4media.com","initiatorDomains":["zycieolsztyna.pl"],"isUrlFilterCaseSensitive":false},"priority":201},{"id":295,"action":{"type":"block"},"condition":{"urlFilter":"||skipol.pl^*^watermark_azoty.","isUrlFilterCaseSensitive":false},"priority":1},{"id":296,"action":{"type":"block"},"condition":{"urlFilter":"||sokolka.tv^*^betonholding.","isUrlFilterCaseSensitive":false},"priority":1},{"id":297,"action":{"type":"block"},"condition":{"urlFilter":"||sokolka.tv^*^osir.","isUrlFilterCaseSensitive":false},"priority":1},{"id":298,"action":{"type":"block"},"condition":{"urlFilter":"||sp-ao.shortpixel.ai/client/to_webp,q_glossy,ret_img,w_848,h_456/https://gwarminska.pl/wp-content/uploads/2015/09/reklama-1-848x456.jpg","isUrlFilterCaseSensitive":false},"priority":1},{"id":299,"action":{"type":"block"},"condition":{"urlFilter":"||spliff.pl^*^DomowaUprawa_","isUrlFilterCaseSensitive":false},"priority":1},{"id":300,"action":{"type":"block"},"condition":{"urlFilter":"||spottedskarzysko.pl^*^szmaragd.","isUrlFilterCaseSensitive":false},"priority":1},{"id":301,"action":{"type":"block"},"condition":{"urlFilter":"||stalowemiasto.pl/_a^","isUrlFilterCaseSensitive":false},"priority":1},{"id":302,"action":{"type":"block"},"condition":{"urlFilter":"||stalowemiasto.pl/colada2^","isUrlFilterCaseSensitive":false},"priority":1},{"id":303,"action":{"type":"block"},"condition":{"urlFilter":"||starysacz.info^*^r3333333.","isUrlFilterCaseSensitive":false},"priority":1},{"id":304,"action":{"type":"block"},"condition":{"urlFilter":"||static2.elektroda.pl^*^menuBarAds^","isUrlFilterCaseSensitive":false},"priority":1},{"id":305,"action":{"type":"block"},"condition":{"urlFilter":"||sterta.pl^","initiatorDomains":["linkologia.pl"],"isUrlFilterCaseSensitive":false},"priority":201},{"id":306,"action":{"type":"block"},"condition":{"urlFilter":"||sterta.pl^","initiatorDomains":["olsztyn.com.pl"],"resourceTypes":["image"],"isUrlFilterCaseSensitive":false},"priority":301},{"id":307,"action":{"type":"block"},"condition":{"urlFilter":"||stoczniowcy.pl^*^jds.","isUrlFilterCaseSensitive":false},"priority":1},{"id":308,"action":{"type":"block"},"condition":{"urlFilter":"||studentnews.pl/b.php","initiatorDomains":["avrupadaokuma.eu","bachelor.undergraduatestudy.eu","distancelearningstudy.eu","dlamaturzysty.info","dlaucznia.info","doctoralstudy.eu","dualstudies.eu","edubaza.pl","estudarnaeuropa.eu","estudiareneuropa.eu","etudiereneurope.eu","gramatyka-angielska.info","kierunki-studiow.info","kursy-zawodowe.kwalifikacjezawodowe.info","kursyjezykowe.biz","kursyonline.info","kursysemestralne.pl","master.postgraduatestudy.eu","mba-studies.eu","ochschulen.studiumineuropa.eu","organizacjestudenckie.pl","pracaikariera.pl","rektorzy.pl","studenckamarka.pl","studenckamoda.pl","studentka.pl","studentnews.eu","studentnews.pl","studiadoktoranckie.info","studiainzynierskie.info","studialicencjackie.info","studiamagisterskie.info","studiamba.info","studianiestacjonarne.info","studiaonline.info","studiastacjonarne.info","studiaweuropie.eu","studies-in-english.pl","studies-in-europe.eu","studies-in-poland.pl","studiumveurope.eu","szkolyjezykowe.info","tanulmanyokeuropaban.eu","universita.studiareineuropa.eu","wameryce.info","weuropie.info"],"resourceTypes":["script"],"isUrlFilterCaseSensitive":false},"priority":204},{"id":309,"action":{"type":"block"},"condition":{"urlFilter":"||swidnik.pl^*^alior_swidnik_","isUrlFilterCaseSensitive":false},"priority":1},{"id":310,"action":{"type":"block"},"condition":{"urlFilter":"||sychar.org^*^tolle-","isUrlFilterCaseSensitive":false},"priority":1},{"id":311,"action":{"type":"block"},"condition":{"urlFilter":"||syrena.nekla.eu^*-agraf-","isUrlFilterCaseSensitive":false},"priority":1},{"id":312,"action":{"type":"block"},"condition":{"urlFilter":"||systemyplatnosci.com^*^fundacja_zoodoptuj.","isUrlFilterCaseSensitive":false},"priority":1},{"id":313,"action":{"type":"block"},"condition":{"urlFilter":"||systemyplatnosci.com^*^hotpay_","isUrlFilterCaseSensitive":false},"priority":1},{"id":314,"action":{"type":"block"},"condition":{"urlFilter":"||szukam-ksiazki.pl^*^havana.","isUrlFilterCaseSensitive":false},"priority":1},{"id":315,"action":{"type":"block"},"condition":{"urlFilter":"||tanuki.pl/imglink^","isUrlFilterCaseSensitive":false},"priority":1},{"id":316,"action":{"type":"block"},"condition":{"urlFilter":"||tarnowiak.pl^*^premium_","isUrlFilterCaseSensitive":false},"priority":1},{"id":317,"action":{"type":"block"},"condition":{"urlFilter":"||tarnowiak.pl^*_wizytowka^","isUrlFilterCaseSensitive":false},"priority":1},{"id":318,"action":{"type":"block"},"condition":{"urlFilter":"||tenis.net.pl^*^mtc.","isUrlFilterCaseSensitive":false},"priority":1},{"id":319,"action":{"type":"block"},"condition":{"urlFilter":"||tenismagazyn.pl^*^porsche-d","isUrlFilterCaseSensitive":false},"priority":1},{"id":320,"action":{"type":"block"},"condition":{"urlFilter":"||tkaninyobiciowe.eu^*^dik-","isUrlFilterCaseSensitive":false},"priority":1},{"id":321,"action":{"type":"block"},"condition":{"urlFilter":"||transg.pl^*^meblohaus_","isUrlFilterCaseSensitive":false},"priority":1},{"id":322,"action":{"type":"block"},"condition":{"urlFilter":"||tromil.pl^*^parownice-","isUrlFilterCaseSensitive":false},"priority":1},{"id":323,"action":{"type":"block"},"condition":{"urlFilter":"||trzoda-chlewna.com.pl^*^mainbg_img.","isUrlFilterCaseSensitive":false},"priority":1},{"id":324,"action":{"type":"block"},"condition":{"urlFilter":"||typersi.pl/pliki/fortuna^","isUrlFilterCaseSensitive":false},"priority":1},{"id":325,"action":{"type":"block"},"condition":{"urlFilter":"||unitedtails.com^*^logo-RC.","isUrlFilterCaseSensitive":false},"priority":1},{"id":326,"action":{"type":"block"},"condition":{"urlFilter":"||video.onnetwork.tv^","initiatorDomains":["abcjanikowo24.pl","bialobrzegi24.net","bielskirynek.pl","biznesalert.pl","brodnica365.pl","chelmza365.pl","chocianow.com.pl","ciechocinek.biz","czasbrodnicy.pl","czluchowinfo.pl","ddtorun.pl","dziendobrypomorze.pl","dziennikhistoryczny.pl","e-chelmno.pl","e-golub.info.pl","e-krajna.pl","e-lubon.pl","e-wabrzezno.info.pl","ejarocin.pl","ekstrasierpc.pl","ekutno.pl","esopot.pl","expresskaszubski.pl","extrawalcz.pl","fakty.nl","faktyct.pl","faktypilskie.pl","gazetaolsztynska.pl","gazetarogozinska.pl","gle24.pl","glospowiatusredzkiego.pl","glossokolowa.pl","gorlice24.pl","gostyn24.pl","grudziadz365.pl","gst24.pl","gwarek.com.pl","gwe24.pl","gwio.pl","haloursynow.pl","hej.slupsk.pl","ibytow.pl","infomogilno24.pl","infoskierniewice.pl","ipoddebice.pl","isanok.pl","iszczecinek.pl","itvszubin.pl","jastrowie24.pl","jura365.pl","ki24.info","kolniak24.eu","koronowo.net.pl","korso.pl","koscianiak.pl","kutno.net.pl","lca.pl","legio24.pl","leszno24.pl","lowiczanin.info","magazynzuzel.pl","miastko24.pl","modnymagazyn.pl","mojakruszwica.pl","motomagazyn.com","msi-myslenice.pl","myglogow.pl","mypolkowice.pl","myszkow365.pl","naszpruszcz.pl","naszradziejow.pl","nizanskie.info","nowinykrapkowickie.pl","nowysztum.pl","nrypin.pl","olawa24.pl","ostrodaflesz.pl","ostrowiecka.pl","pakosc24.pl","panoramaplock.pl","petronews.pl","pleszew24.info","plonskwsieci.pl","police24.pl","polski-tenis.pl","portalsremski.pl","powiatrawicki.info","prawobrzeze24.pl","przelom.pl","pulsciechanowa.pl","pulsgminy.pl","pulstygodnia.pl","radzyninfo.pl","rawicz24.pl","roztocze.net","rydzyna24.pl","rzeczkrotoszynska.pl","seniorbb.pl","slu24.pl","sportsinwinter.pl","spotradomsko.pl","superchodziez.pl","swiecie24.pl","szemud24.pl","terazgabin.pl","terazlipno.pl","terazstrzelno.pl","tukutno.pl","tusochaczew.pl","tygodnik.pl","tygodnikketrzynski.pl","tyna.info.pl","uniejow.net.pl","wiescimiedzychodzkie.pl","wpu24.pl","wrzesnia.info.pl","wybudujemy.com.pl","zawiercie365.pl","ziemiagorowska.pl","zlomzy.pl","zwielkopolski24.pl","zyciesiedleckie.pl"],"resourceTypes":["script"],"isUrlFilterCaseSensitive":false},"priority":202},{"id":327,"action":{"type":"block"},"condition":{"urlFilter":"||w203.pl/autoczescionline24_","isUrlFilterCaseSensitive":false},"priority":1},{"id":328,"action":{"type":"block"},"condition":{"urlFilter":"||w203.pl/sklep-motoryzacyjny-","isUrlFilterCaseSensitive":false},"priority":1},{"id":329,"action":{"type":"block"},"condition":{"urlFilter":"||wiadomosci.rii.pl^*^tlo_wiadomosci.","isUrlFilterCaseSensitive":false},"priority":1},{"id":330,"action":{"type":"block"},"condition":{"urlFilter":"||widget.nokaut.pl^","initiatorDomains":["tromil.pl"],"resourceTypes":["script"],"isUrlFilterCaseSensitive":false},"priority":301},{"id":331,"action":{"type":"block"},"condition":{"urlFilter":"||wirtualnyelk.pl^*^bus-lotnisko-","isUrlFilterCaseSensitive":false},"priority":1},{"id":332,"action":{"type":"block"},"condition":{"urlFilter":"||wolbrom.pl^*^warta.","isUrlFilterCaseSensitive":false},"priority":1},{"id":333,"action":{"type":"block"},"condition":{"urlFilter":"||wronieckibazar.pl^*^izometwww.","isUrlFilterCaseSensitive":false},"priority":1},{"id":334,"action":{"type":"block"},"condition":{"urlFilter":"||zamioculcas2.org^","isUrlFilterCaseSensitive":false},"priority":1},{"id":335,"action":{"type":"block"},"condition":{"urlFilter":"||ziemialimanowska.pl^*.hutekprojekty.","isUrlFilterCaseSensitive":false},"priority":1},{"id":336,"action":{"type":"block"},"condition":{"urlFilter":"||zyciezamoscia.pl^*^niewygodne2.","isUrlFilterCaseSensitive":false},"priority":1},{"id":337,"action":{"type":"block"},"condition":{"urlFilter":"||zyciezamoscia.pl^*^niezalezna.","isUrlFilterCaseSensitive":false},"priority":1},{"id":338,"action":{"type":"block"},"condition":{"urlFilter":"||appboxes.co/wp-content/uploads/nagam/","initiatorDomains":["nagieamatorki.net"],"isUrlFilterCaseSensitive":false},"priority":201},{"id":339,"action":{"type":"allow"},"condition":{"urlFilter":".adrotate.","initiatorDomains":["mh24.pl"],"isUrlFilterCaseSensitive":false},"priority":100201},{"id":340,"action":{"type":"allow"},"condition":{"urlFilter":"/adsign.","initiatorDomains":["adsign.polsatmedia.pl"],"isUrlFilterCaseSensitive":false},"priority":100201},{"id":341,"action":{"type":"allow"},"condition":{"urlFilter":"/extension/adverts/design/standard/javascript/adverts/Quantcastt^","initiatorDomains":["antyradio.pl","chillizet.pl","meloradio.pl","planeta.pl","radiozet.pl"],"resourceTypes":["script"],"isUrlFilterCaseSensitive":false},"priority":100221},{"id":342,"action":{"type":"allow"},"condition":{"urlFilter":"/extension/adverts/design/standard/templates/esi^","initiatorDomains":["antyradio.pl","chillizet.pl","meloradio.pl","planeta.pl","radiozet.pl"],"resourceTypes":["script"],"isUrlFilterCaseSensitive":false},"priority":100221},{"id":343,"action":{"type":"allow"},"condition":{"urlFilter":"^baner-tp.","initiatorDomains":["tygodnikprudnicki.pl"],"isUrlFilterCaseSensitive":false},"priority":100201},{"id":344,"action":{"type":"allow"},"condition":{"urlFilter":"^baner.","initiatorDomains":["cech-lipno.pl"],"isUrlFilterCaseSensitive":false},"priority":100201},{"id":345,"action":{"type":"allow"},"condition":{"urlFilter":"^banery/2^","initiatorDomains":["sportgniezno.pl"],"isUrlFilterCaseSensitive":false},"priority":100201},{"id":346,"action":{"type":"allow"},"condition":{"urlFilter":"^reklamy^","initiatorDomains":["selgros24.pl"],"isUrlFilterCaseSensitive":false},"priority":100201},{"id":347,"action":{"type":"allow"},"condition":{"urlFilter":"||api.samiswoi24.pl/advert?","isUrlFilterCaseSensitive":false},"priority":100001},{"id":348,"action":{"type":"allow"},"condition":{"urlFilter":"||gfx.wiadomosci.radiozet.pl/extension/adverts/design/standard/javascript/adverts/Quantcast/Quantcast.js","isUrlFilterCaseSensitive":false},"priority":100001},{"id":349,"action":{"type":"allow"},"condition":{"urlFilter":"||googleapis.com^*^ima3.js|","initiatorDomains":["radiozet.pl"],"isUrlFilterCaseSensitive":false},"priority":100201},{"id":350,"action":{"type":"allow"},"condition":{"urlFilter":"||liveads.pl^","initiatorDomains":["liveads.pl"],"isUrlFilterCaseSensitive":false},"priority":100201},{"id":351,"action":{"type":"allow"},"condition":{"urlFilter":"||maszwolne.pl^*^pages/mini^","isUrlFilterCaseSensitive":false},"priority":100001},{"id":352,"action":{"type":"allow"},"condition":{"urlFilter":"||myao.adocean.pl^*^ado.js|","initiatorDomains":["radiozet.pl"],"isUrlFilterCaseSensitive":false},"priority":100201},{"id":353,"action":{"type":"allow"},"condition":{"urlFilter":"||ppr.pl^*^banners^*ppr.","isUrlFilterCaseSensitive":false},"priority":100001},{"id":354,"action":{"type":"allow"},"condition":{"urlFilter":"||radiozet.pl/extension/adverts/design/standard/templates/esi/adv/quantcastIframe.html","isUrlFilterCaseSensitive":false},"priority":100001},{"id":356,"action":{"type":"allowAllRequests"},"condition":{"urlFilter":"||walbrzych24.com/upload/upload/Bannery_HTML/polityka/index.html|","initiatorDomains":["walbrzych24.com"],"resourceTypes":["main_frame","sub_frame"],"isUrlFilterCaseSensitive":false},"priority":140276}]