[{"id":1,"action":{"type":"block"},"condition":{"urlFilter":".com/bannery/","isUrlFilterCaseSensitive":false},"priority":1},{"id":2,"action":{"type":"block"},"condition":{"urlFilter":".cz/ads/","isUrlFilterCaseSensitive":false},"priority":1},{"id":3,"action":{"type":"block"},"condition":{"urlFilter":".cz/BAN/","isUrlFilterCaseSensitive":false},"priority":1},{"id":4,"action":{"type":"block"},"condition":{"urlFilter":".cz/banners/","isUrlFilterCaseSensitive":false},"priority":1},{"id":5,"action":{"type":"block"},"condition":{"urlFilter":".cz/bannery_","isUrlFilterCaseSensitive":false},"priority":1},{"id":6,"action":{"type":"block"},"condition":{"urlFilter":".cz/img/banner","isUrlFilterCaseSensitive":false},"priority":1},{"id":7,"action":{"type":"block"},"condition":{"urlFilter":".etargetnet.","isUrlFilterCaseSensitive":false},"priority":1},{"id":8,"action":{"type":"block"},"condition":{"urlFilter":".sk/img/banner","isUrlFilterCaseSensitive":false},"priority":1},{"id":9,"action":{"type":"block"},"condition":{"urlFilter":"/amalker/pos/mag_ads.js","isUrlFilterCaseSensitive":false},"priority":1},{"id":10,"action":{"type":"block"},"condition":{"urlFilter":"/cron.php?rand=","isUrlFilterCaseSensitive":false},"priority":1},{"id":11,"action":{"type":"block"},"condition":{"urlFilter":"/emonitor.","isUrlFilterCaseSensitive":false},"priority":1},{"id":12,"action":{"type":"block"},"condition":{"urlFilter":"/komercni-sdeleni/*","isUrlFilterCaseSensitive":false},"priority":1},{"id":13,"action":{"type":"block"},"condition":{"urlFilter":"/push-ads.","isUrlFilterCaseSensitive":false},"priority":1},{"id":14,"action":{"type":"block"},"condition":{"urlFilter":"/reklama_","isUrlFilterCaseSensitive":false},"priority":1},{"id":15,"action":{"type":"block"},"condition":{"urlFilter":"/reklamne-","isUrlFilterCaseSensitive":false},"priority":1},{"id":16,"action":{"type":"block"},"condition":{"urlFilter":"*.war-forum.net/images/sh/","isUrlFilterCaseSensitive":false},"priority":1},{"id":17,"action":{"type":"block"},"condition":{"urlFilter":"||1gr.cz/js/uni/oldback/logo.png","initiatorDomains":["idnes.cz"],"resourceTypes":["script"],"isUrlFilterCaseSensitive":false},"priority":301},{"id":18,"action":{"type":"block"},"condition":{"urlFilter":"||1.im.cz/ad/","resourceTypes":["image"],"isUrlFilterCaseSensitive":false},"priority":101},{"id":19,"action":{"type":"block"},"condition":{"urlFilter":"||1.im.cz/ad/gemius.js","isUrlFilterCaseSensitive":false},"priority":1},{"id":20,"action":{"type":"block"},"condition":{"urlFilter":"||a.blesk.cz^","isUrlFilterCaseSensitive":false},"priority":1},{"id":21,"action":{"type":"block"},"condition":{"urlFilter":"||a.centrum.cz^","isUrlFilterCaseSensitive":false},"priority":1},{"id":22,"action":{"type":"block"},"condition":{"urlFilter":"||a.csfd.cz^","isUrlFilterCaseSensitive":false},"priority":1},{"id":23,"action":{"type":"block"},"condition":{"urlFilter":"||a.denik.cz^","isUrlFilterCaseSensitive":false},"priority":1},{"id":24,"action":{"type":"block"},"condition":{"urlFilter":"||alkoholik.cz/zavislost/images/banners/","isUrlFilterCaseSensitive":false},"priority":1},{"id":25,"action":{"type":"block"},"condition":{"urlFilter":"||api-exponea.o2.cz^","isUrlFilterCaseSensitive":false},"priority":1},{"id":26,"action":{"type":"block"},"condition":{"urlFilter":"||bannery.ccb.cz^","isUrlFilterCaseSensitive":false},"priority":1},{"id":27,"action":{"type":"block"},"condition":{"urlFilter":"||bannery.navratdoreality.cz^","isUrlFilterCaseSensitive":false},"priority":1},{"id":28,"action":{"type":"block"},"condition":{"urlFilter":"||bcastgw.livebox.cz/TA3_VOD_COM/","isUrlFilterCaseSensitive":false},"priority":1},{"id":29,"action":{"type":"block"},"condition":{"urlFilter":"||c.seznam.cz^","isUrlFilterCaseSensitive":false},"priority":1},{"id":30,"action":{"type":"block"},"condition":{"urlFilter":"||cdr.cz/sites/default/files/_cdr_branding/branding.jpg","isUrlFilterCaseSensitive":false},"priority":1},{"id":31,"action":{"type":"block"},"condition":{"urlFilter":"||cdn.cpex.cz^","isUrlFilterCaseSensitive":false},"priority":1},{"id":32,"action":{"type":"block"},"condition":{"urlFilter":"||cdn.dopc.cz/adb","resourceTypes":["xmlhttprequest"],"isUrlFilterCaseSensitive":false},"priority":101},{"id":33,"action":{"type":"block"},"condition":{"urlFilter":"||cviceni-doma.cz/images/*banner","isUrlFilterCaseSensitive":false},"priority":1},{"id":34,"action":{"type":"block"},"condition":{"urlFilter":"||diit.cz/sites/default/files/_cdr_branding/branding.jpg","isUrlFilterCaseSensitive":false},"priority":1},{"id":35,"action":{"type":"block"},"condition":{"urlFilter":"||digitalnitelevize.cz/obrazky/reklamni_odkazy/","isUrlFilterCaseSensitive":false},"priority":1},{"id":36,"action":{"type":"block"},"condition":{"urlFilter":"||drbna.cz/templates/drbna-2019/modal/modal.js","resourceTypes":["script"],"isUrlFilterCaseSensitive":false},"priority":101},{"id":37,"action":{"type":"block"},"condition":{"urlFilter":"||espoluprace.cz/affiliate/","isUrlFilterCaseSensitive":false},"priority":1},{"id":38,"action":{"type":"block"},"condition":{"urlFilter":"||fdb.cz/ad/","isUrlFilterCaseSensitive":false},"priority":1},{"id":39,"action":{"type":"block"},"condition":{"urlFilter":"||filmporno.cz/media/banners/","isUrlFilterCaseSensitive":false},"priority":1},{"id":40,"action":{"type":"block"},"condition":{"urlFilter":"||hcdukla.cz/adds/","isUrlFilterCaseSensitive":false},"priority":1},{"id":41,"action":{"type":"block"},"condition":{"urlFilter":"||hcmotor.cz/adds/","isUrlFilterCaseSensitive":false},"priority":1},{"id":42,"action":{"type":"block"},"condition":{"urlFilter":"||hcorli.cz/img/hokejcz/banner_hokejcz.png","isUrlFilterCaseSensitive":false},"priority":1},{"id":43,"action":{"type":"block"},"condition":{"urlFilter":"||hd-forum.cz/images/banner/","isUrlFilterCaseSensitive":false},"priority":1},{"id":44,"action":{"type":"block"},"condition":{"urlFilter":"||hd-forum.cz/images/sberbank.jpg","isUrlFilterCaseSensitive":false},"priority":1},{"id":45,"action":{"type":"block"},"condition":{"urlFilter":"||heureka.cz/direct/bannery/","isUrlFilterCaseSensitive":false},"priority":1},{"id":46,"action":{"type":"block"},"condition":{"urlFilter":"horoskopy.cz/*/static/js/ssp.js?szn_loader=1","isUrlFilterCaseSensitive":false},"priority":1},{"id":47,"action":{"type":"block"},"condition":{"urlFilter":"||im9.cz/*aukro","isUrlFilterCaseSensitive":false},"priority":1},{"id":48,"action":{"type":"block"},"condition":{"urlFilter":"||img.cdnprg.webtea.cz/web/pozadi_webu_mc.jpg","isUrlFilterCaseSensitive":false},"priority":1},{"id":49,"action":{"type":"block"},"condition":{"urlFilter":"||jiskra-benesov.cz/images/branding/","isUrlFilterCaseSensitive":false},"priority":1},{"id":50,"action":{"type":"block"},"condition":{"urlFilter":"||jiskra-benesov.cz/webloader/jsloader-*.js","isUrlFilterCaseSensitive":false},"priority":1},{"id":51,"action":{"type":"block"},"condition":{"urlFilter":"||js.tipcars.com/js/*/_view/amalker/amalker.js","isUrlFilterCaseSensitive":false},"priority":1},{"id":52,"action":{"type":"block"},"condition":{"urlFilter":"||kurzy.cz/e/adv?","isUrlFilterCaseSensitive":false},"priority":1},{"id":53,"action":{"type":"block"},"condition":{"urlFilter":"||img.kurzy.cz/og","isUrlFilterCaseSensitive":false},"priority":1},{"id":54,"action":{"type":"block"},"condition":{"urlFilter":"||kurzy.cz/l/s_back.js","isUrlFilterCaseSensitive":false},"priority":1},{"id":55,"action":{"type":"block"},"condition":{"urlFilter":"||img.kurzy.cz/block/","isUrlFilterCaseSensitive":false},"priority":1},{"id":56,"action":{"type":"allow"},"condition":{"urlFilter":"img.kurzy.cz/ban/ad_ads_advert_advertisement_adform_pub_300x250.png","isUrlFilterCaseSensitive":false},"priority":100001},{"id":57,"action":{"type":"block"},"condition":{"urlFilter":"||lamer.cz/images/bg*.jpg","isUrlFilterCaseSensitive":false},"priority":1},{"id":58,"action":{"type":"block"},"condition":{"urlFilter":"||letemsvetemapplem.eu/*/alzafeed_cached_js.php","isUrlFilterCaseSensitive":false},"priority":1},{"id":59,"action":{"type":"block"},"condition":{"urlFilter":"||liveagent.mobilbonus.cz^","isUrlFilterCaseSensitive":false},"priority":1},{"id":60,"action":{"type":"block"},"condition":{"urlFilter":"||lphard.cz/images/banners/","isUrlFilterCaseSensitive":false},"priority":1},{"id":61,"action":{"type":"block"},"condition":{"urlFilter":"||mamincinyrecepty.cz/images/banner","isUrlFilterCaseSensitive":false},"priority":1},{"id":62,"action":{"type":"block"},"condition":{"urlFilter":"||mediatn.cms.nova.cz/robots.txt","resourceTypes":["xmlhttprequest"],"isUrlFilterCaseSensitive":false},"priority":101},{"id":63,"action":{"type":"block"},"condition":{"urlFilter":"||motorkari.cz^","resourceTypes":["sub_frame"],"isUrlFilterCaseSensitive":false},"priority":101},{"id":64,"action":{"type":"block"},"condition":{"urlFilter":"||mrk.cz/images/inz/","isUrlFilterCaseSensitive":false},"priority":1},{"id":65,"action":{"type":"block"},"condition":{"urlFilter":"||pornuj.cz/files/ntva.php","isUrlFilterCaseSensitive":false},"priority":1},{"id":66,"action":{"type":"block"},"condition":{"urlFilter":"||presentation.lmc.cz/aliance/","isUrlFilterCaseSensitive":false},"priority":1},{"id":67,"action":{"type":"block"},"condition":{"urlFilter":"||prvnizpravy.cz/repository/banner","isUrlFilterCaseSensitive":false},"priority":1},{"id":68,"action":{"type":"block"},"condition":{"urlFilter":"||report.seznamzpravy.cz^","isUrlFilterCaseSensitive":false},"priority":1},{"id":69,"action":{"type":"block"},"condition":{"urlFilter":"||report.sport.cz^","isUrlFilterCaseSensitive":false},"priority":1},{"id":70,"action":{"type":"block"},"condition":{"urlFilter":"||rfapi.digicon.cz/img/listovacky-cross/enigmaplus.cz.js","resourceTypes":["script"],"isUrlFilterCaseSensitive":false},"priority":101},{"id":71,"action":{"type":"block"},"condition":{"urlFilter":"||romea.cz/images/servis/banner","isUrlFilterCaseSensitive":false},"priority":1},{"id":72,"action":{"type":"block"},"condition":{"urlFilter":"||ronnie.cz/cache/bannery/","isUrlFilterCaseSensitive":false},"priority":1},{"id":73,"action":{"type":"block"},"condition":{"urlFilter":"||sauto.cz/*/v1/xhr","isUrlFilterCaseSensitive":false},"priority":1},{"id":74,"action":{"type":"block"},"condition":{"urlFilter":"||sbazar.cz/*/v1/xhr","isUrlFilterCaseSensitive":false},"priority":1},{"id":75,"action":{"type":"block"},"condition":{"urlFilter":"||sktorrent.eu/torrent/interstitial.js","isUrlFilterCaseSensitive":false},"priority":1},{"id":76,"action":{"type":"block"},"condition":{"urlFilter":"||ssp.seznam.cz^","isUrlFilterCaseSensitive":false},"priority":1},{"id":77,"action":{"type":"block"},"condition":{"urlFilter":"||stat.novinky.cz^","isUrlFilterCaseSensitive":false},"priority":1},{"id":78,"action":{"type":"block"},"condition":{"urlFilter":"||stat.super.cz^","isUrlFilterCaseSensitive":false},"priority":1},{"id":79,"action":{"type":"block"},"condition":{"urlFilter":"||stobklub.cz/images/banners/maintop.jpg","isUrlFilterCaseSensitive":false},"priority":1},{"id":80,"action":{"type":"block"},"condition":{"urlFilter":"titulky.com/banaltr/","isUrlFilterCaseSensitive":false},"priority":1},{"id":81,"action":{"type":"block"},"condition":{"urlFilter":"titulky.com/ajaxlogon.php","isUrlFilterCaseSensitive":false},"priority":1},{"id":82,"action":{"type":"block"},"condition":{"urlFilter":"||tracker.cncenter.cz^","isUrlFilterCaseSensitive":false},"priority":1},{"id":83,"action":{"type":"block"},"condition":{"urlFilter":"||uschovna.cz/branding","isUrlFilterCaseSensitive":false},"priority":1},{"id":84,"action":{"type":"block"},"condition":{"urlFilter":"||vascak.cz/data/img/adblock.png","resourceTypes":["image"],"isUrlFilterCaseSensitive":false},"priority":101},{"id":85,"action":{"type":"block"},"condition":{"urlFilter":"||videoad.cz^","isUrlFilterCaseSensitive":false},"priority":1},{"id":86,"action":{"type":"block"},"condition":{"urlFilter":"warcenter.cz/interstitial_fs.js","isUrlFilterCaseSensitive":false},"priority":1},{"id":87,"action":{"type":"block"},"condition":{"urlFilter":"||wesa.cz/banner/","isUrlFilterCaseSensitive":false},"priority":1},{"id":88,"action":{"type":"block"},"condition":{"urlFilter":"*/wp-content/plugins/wp-content-copy-protection/assets/js/script.min.js","initiatorDomains":["rozbor-dila.cz","rozbor-dila.eu","rozborknihy.cz","studijni-svet.cz","ekonomie-ucetnictvi.cz","biologie-chemie.cz","anglictina-maturita.cz"],"isUrlFilterCaseSensitive":false},"priority":116},{"id":89,"action":{"type":"block"},"condition":{"urlFilter":"*/wp-content/plugins/wp-content-copy-protection/assets/css/style.min.css","initiatorDomains":["rozbor-dila.cz","rozbor-dila.eu","rozborknihy.cz","studijni-svet.cz","ekonomie-ucetnictvi.cz","biologie-chemie.cz","anglictina-maturita.cz"],"isUrlFilterCaseSensitive":false},"priority":116},{"id":90,"action":{"type":"block"},"condition":{"urlFilter":"||zkouknito.cz/js/js.htmlad.js","isUrlFilterCaseSensitive":false},"priority":1},{"id":91,"action":{"type":"block"},"condition":{"urlFilter":"||zvukarina.cz/forum/images/ostatni/","isUrlFilterCaseSensitive":false},"priority":1},{"id":92,"action":{"type":"block"},"condition":{"urlFilter":"||0af2a962b0102942d9a7df351b20be55.com^","isUrlFilterCaseSensitive":false},"priority":1},{"id":93,"action":{"type":"block"},"condition":{"urlFilter":"||adb.azet.sk^","isUrlFilterCaseSensitive":false},"priority":1},{"id":94,"action":{"type":"block"},"condition":{"urlFilter":"||api-exponea.o2.sk^","isUrlFilterCaseSensitive":false},"priority":1},{"id":95,"action":{"type":"block"},"condition":{"urlFilter":"||autobazar.eu/__branding/","isUrlFilterCaseSensitive":false},"priority":1},{"id":96,"action":{"type":"block"},"condition":{"urlFilter":"||bannersector.sector.sk^","isUrlFilterCaseSensitive":false},"priority":1},{"id":97,"action":{"type":"block"},"condition":{"urlFilter":"||bmwklub.sk/images/banners/","isUrlFilterCaseSensitive":false},"priority":1},{"id":98,"action":{"type":"block"},"condition":{"urlFilter":"||eduself.sk/public/js/prebid-ads.js","resourceTypes":["script"],"isUrlFilterCaseSensitive":false},"priority":1000101},{"id":99,"action":{"type":"block"},"condition":{"urlFilter":"||flirtkontakt.sk/previews/banner*.jpg","isUrlFilterCaseSensitive":false},"priority":1},{"id":100,"action":{"type":"block"},"condition":{"urlFilter":"||fony.sk/content/banners/","isUrlFilterCaseSensitive":false},"priority":1},{"id":101,"action":{"type":"block"},"condition":{"urlFilter":"||funnyburger.sk/js/anti-theft-system.js","resourceTypes":["script"],"isUrlFilterCaseSensitive":false},"priority":101},{"id":102,"action":{"type":"block"},"condition":{"urlFilter":"||hojko.com/images/banner*.gif","isUrlFilterCaseSensitive":false},"priority":1},{"id":103,"action":{"type":"block"},"condition":{"urlFilter":"||image.sector.sk^","isUrlFilterCaseSensitive":false},"priority":1},{"id":104,"action":{"type":"block"},"condition":{"urlFilter":"||img.zoznam.sk/adimages/","isUrlFilterCaseSensitive":false},"priority":1},{"id":105,"action":{"type":"block"},"condition":{"urlFilter":"||mhdba.eu/banerova-reklama-animacia.gif","isUrlFilterCaseSensitive":false},"priority":1},{"id":106,"action":{"type":"block"},"condition":{"urlFilter":"||michalovskespravy.sk/files/a57xq6rhr5uuzzyf.gif","isUrlFilterCaseSensitive":false},"priority":1},{"id":107,"action":{"type":"block"},"condition":{"urlFilter":"||mojanitra.sk/banery/","isUrlFilterCaseSensitive":false},"priority":1},{"id":108,"action":{"type":"block"},"condition":{"urlFilter":"||mojanitra.sk//images/banery/","isUrlFilterCaseSensitive":false},"priority":1},{"id":109,"action":{"type":"block"},"condition":{"urlFilter":"||ourphorum.com/images/banner","isUrlFilterCaseSensitive":false},"priority":1},{"id":110,"action":{"type":"block"},"condition":{"urlFilter":"||pricemania.sk/pictures/banners/","isUrlFilterCaseSensitive":false},"priority":1},{"id":111,"action":{"type":"block"},"condition":{"urlFilter":"||pricemania.sk/pictures/campaigns/","isUrlFilterCaseSensitive":false},"priority":1},{"id":112,"action":{"type":"block"},"condition":{"urlFilter":"programujte.com/img/pozadi_2024.jpg","isUrlFilterCaseSensitive":false},"priority":1},{"id":113,"action":{"type":"block"},"condition":{"urlFilter":"||radia.sk/_uputavky/","resourceTypes":["sub_frame"],"isUrlFilterCaseSensitive":false},"priority":101},{"id":114,"action":{"type":"block"},"condition":{"urlFilter":"||radia.sk/scripts/ads.js","isUrlFilterCaseSensitive":false},"priority":1},{"id":115,"action":{"type":"block"},"condition":{"urlFilter":"||recycle.zoznam.sk/get.fcgi","isUrlFilterCaseSensitive":false},"priority":1},{"id":116,"action":{"type":"block"},"condition":{"urlFilter":"||recycle-static.zoznam.sk/*.mp4","isUrlFilterCaseSensitive":false},"priority":1},{"id":117,"action":{"type":"block"},"condition":{"urlFilter":"||rtvs.sk/bs/xml/vast.xml","isUrlFilterCaseSensitive":false},"priority":1},{"id":118,"action":{"type":"block"},"condition":{"urlFilter":"||rtvs.sk/bs/xml/vmap.xml","isUrlFilterCaseSensitive":false},"priority":1},{"id":119,"action":{"type":"block"},"condition":{"urlFilter":"||sector.sk/a/","isUrlFilterCaseSensitive":false},"priority":1},{"id":120,"action":{"type":"block"},"condition":{"urlFilter":"||ta3.com/api/v1/livebox/video/","isUrlFilterCaseSensitive":false},"priority":1},{"id":121,"action":{"type":"block"},"condition":{"urlFilter":"||waaw.*/js/script_33.10.js?16","resourceTypes":["script"],"isUrlFilterCaseSensitive":false},"priority":101},{"id":122,"action":{"type":"block"},"condition":{"urlFilter":"||zn.sk/galeria/","isUrlFilterCaseSensitive":false},"priority":1},{"id":123,"action":{"type":"block"},"condition":{"urlFilter":"*.livebox.cz/TA3_VOD_COM","domainType":"thirdParty","isUrlFilterCaseSensitive":false},"priority":2},{"id":124,"action":{"type":"block"},"condition":{"urlFilter":"||001shop.cz^","domainType":"thirdParty","isUrlFilterCaseSensitive":false},"priority":2},{"id":125,"action":{"type":"block"},"condition":{"urlFilter":"||10.im.cz^","domainType":"thirdParty","isUrlFilterCaseSensitive":false},"priority":2},{"id":126,"action":{"type":"block"},"condition":{"urlFilter":"||ad.autobazar.cz^","domainType":"thirdParty","isUrlFilterCaseSensitive":false},"priority":2},{"id":127,"action":{"type":"block"},"condition":{"urlFilter":"||ad.citynet.cz^","domainType":"thirdParty","isUrlFilterCaseSensitive":false},"priority":2},{"id":128,"action":{"type":"block"},"condition":{"urlFilter":"||ad.czechia.com^","domainType":"thirdParty","isUrlFilterCaseSensitive":false},"priority":2},{"id":129,"action":{"type":"block"},"condition":{"urlFilter":"||ad.eva.cz^","domainType":"thirdParty","isUrlFilterCaseSensitive":false},"priority":2},{"id":130,"action":{"type":"block"},"condition":{"urlFilter":"||ad.seznam.cz^","domainType":"thirdParty","isUrlFilterCaseSensitive":false},"priority":2},{"id":131,"action":{"type":"block"},"condition":{"urlFilter":"||ad.surtep.cz^","domainType":"thirdParty","isUrlFilterCaseSensitive":false},"priority":2},{"id":132,"action":{"type":"block"},"condition":{"urlFilter":"||ad1.kde.cz^","domainType":"thirdParty","isUrlFilterCaseSensitive":false},"priority":2},{"id":133,"action":{"type":"block"},"condition":{"urlFilter":"||adexpert.cz^","domainType":"thirdParty","isUrlFilterCaseSensitive":false},"priority":2},{"id":134,"action":{"type":"block"},"condition":{"urlFilter":"||adform.net^","domainType":"thirdParty","isUrlFilterCaseSensitive":false},"priority":2},{"id":135,"action":{"type":"block"},"condition":{"urlFilter":"||ads.cars.cz^","domainType":"thirdParty","isUrlFilterCaseSensitive":false},"priority":2},{"id":136,"action":{"type":"block"},"condition":{"urlFilter":"||ads.esports.cz^","domainType":"thirdParty","isUrlFilterCaseSensitive":false},"priority":2},{"id":137,"action":{"type":"block"},"condition":{"urlFilter":"||adverts.cz^","domainType":"thirdParty","isUrlFilterCaseSensitive":false},"priority":2},{"id":138,"action":{"type":"block"},"condition":{"urlFilter":"||automodul.cz^","domainType":"thirdParty","isUrlFilterCaseSensitive":false},"priority":2},{"id":139,"action":{"type":"block"},"condition":{"urlFilter":"||ban.tipsport.cz^","domainType":"thirdParty","isUrlFilterCaseSensitive":false},"priority":2},{"id":140,"action":{"type":"block"},"condition":{"urlFilter":"||banan.cz^","domainType":"thirdParty","isUrlFilterCaseSensitive":false},"priority":2},{"id":141,"action":{"type":"block"},"condition":{"urlFilter":"||banner.ifortuna.cz^","domainType":"thirdParty","isUrlFilterCaseSensitive":false},"priority":2},{"id":142,"action":{"type":"block"},"condition":{"urlFilter":"||banners.onebit.cz^","domainType":"thirdParty","isUrlFilterCaseSensitive":false},"priority":2},{"id":143,"action":{"type":"block"},"condition":{"urlFilter":"||chrek.stdout.cz^","domainType":"thirdParty","isUrlFilterCaseSensitive":false},"priority":2},{"id":144,"action":{"type":"block"},"condition":{"urlFilter":"||d.vvbox.cz^","domainType":"thirdParty","isUrlFilterCaseSensitive":false},"priority":2},{"id":145,"action":{"type":"block"},"condition":{"urlFilter":"||d.wedosas.net^","domainType":"thirdParty","isUrlFilterCaseSensitive":false},"priority":2},{"id":146,"action":{"type":"block"},"condition":{"urlFilter":"||data.itiscali.cz^","domainType":"thirdParty","isUrlFilterCaseSensitive":false},"priority":2},{"id":147,"action":{"type":"block"},"condition":{"urlFilter":"||decp.cmscore.cz^","domainType":"thirdParty","isUrlFilterCaseSensitive":false},"priority":2},{"id":148,"action":{"type":"block"},"condition":{"urlFilter":"||dev.youcan.cz^","domainType":"thirdParty","isUrlFilterCaseSensitive":false},"priority":2},{"id":149,"action":{"type":"block"},"condition":{"urlFilter":"||dot.idot.cz^","domainType":"thirdParty","isUrlFilterCaseSensitive":false},"priority":2},{"id":150,"action":{"type":"block"},"condition":{"urlFilter":"||ecigareta.eu^","domainType":"thirdParty","isUrlFilterCaseSensitive":false},"priority":2},{"id":151,"action":{"type":"block"},"condition":{"urlFilter":"||ehub.cz^","domainType":"thirdParty","isUrlFilterCaseSensitive":false},"priority":2},{"id":152,"action":{"type":"block"},"condition":{"urlFilter":"||fastshare.cloud^","domainType":"thirdParty","isUrlFilterCaseSensitive":false},"priority":2},{"id":153,"action":{"type":"block"},"condition":{"urlFilter":"||fastshare.cz^","domainType":"thirdParty","isUrlFilterCaseSensitive":false},"priority":2},{"id":154,"action":{"type":"block"},"condition":{"urlFilter":"||graphics.stdout.cz/b:commercial","domainType":"thirdParty","isUrlFilterCaseSensitive":false},"priority":2},{"id":155,"action":{"type":"block"},"condition":{"urlFilter":"||heureka.cz^","domainType":"thirdParty","isUrlFilterCaseSensitive":false},"priority":2},{"id":156,"action":{"type":"block"},"condition":{"urlFilter":"||ibillboard.com^","domainType":"thirdParty","isUrlFilterCaseSensitive":false},"priority":2},{"id":157,"action":{"type":"block"},"condition":{"urlFilter":"||idvert.cz^","domainType":"thirdParty","isUrlFilterCaseSensitive":false},"priority":2},{"id":158,"action":{"type":"block"},"condition":{"urlFilter":"||im9.cz/*/vyrobce/*background","domainType":"thirdParty","isUrlFilterCaseSensitive":false},"priority":2},{"id":159,"action":{"type":"block"},"condition":{"urlFilter":"||imedia.cz^","domainType":"thirdParty","isUrlFilterCaseSensitive":false},"priority":2},{"id":160,"action":{"type":"block"},"condition":{"urlFilter":"||intext.billboard.cz^","domainType":"thirdParty","isUrlFilterCaseSensitive":false},"priority":2},{"id":161,"action":{"type":"block"},"condition":{"urlFilter":"||intext.lookit.cz^","domainType":"thirdParty","isUrlFilterCaseSensitive":false},"priority":2},{"id":162,"action":{"type":"block"},"condition":{"urlFilter":"||intext.wdt.cz^","domainType":"thirdParty","isUrlFilterCaseSensitive":false},"priority":2},{"id":163,"action":{"type":"block"},"condition":{"urlFilter":"||megadarky.cz^","domainType":"thirdParty","isUrlFilterCaseSensitive":false},"priority":2},{"id":164,"action":{"type":"block"},"condition":{"urlFilter":"||mer.stdout.cz^","domainType":"thirdParty","isUrlFilterCaseSensitive":false},"priority":2},{"id":165,"action":{"type":"block"},"condition":{"urlFilter":"||n.hyperinzerce.cz^","domainType":"thirdParty","isUrlFilterCaseSensitive":false},"priority":2},{"id":166,"action":{"type":"block"},"condition":{"urlFilter":"||netadvert.cz^","domainType":"thirdParty","isUrlFilterCaseSensitive":false},"priority":2},{"id":167,"action":{"type":"block"},"condition":{"urlFilter":"||out-ng.sklik.cz^","domainType":"thirdParty","isUrlFilterCaseSensitive":false},"priority":2},{"id":168,"action":{"type":"block"},"condition":{"urlFilter":"||out.sklik.cz^","domainType":"thirdParty","isUrlFilterCaseSensitive":false},"priority":2},{"id":169,"action":{"type":"block"},"condition":{"urlFilter":"||performax.cz^","domainType":"thirdParty","isUrlFilterCaseSensitive":false},"priority":2},{"id":170,"action":{"type":"block"},"condition":{"urlFilter":"||pizzamodena.cz^","domainType":"thirdParty","isUrlFilterCaseSensitive":false},"priority":2},{"id":171,"action":{"type":"block"},"condition":{"urlFilter":"||productads.cz^","domainType":"thirdParty","isUrlFilterCaseSensitive":false},"priority":2},{"id":172,"action":{"type":"block"},"condition":{"urlFilter":"||r.i0.cz^","domainType":"thirdParty","isUrlFilterCaseSensitive":false},"priority":2},{"id":173,"action":{"type":"block"},"condition":{"urlFilter":"||r2b2.cz^","domainType":"thirdParty","isUrlFilterCaseSensitive":false},"priority":2},{"id":174,"action":{"type":"block"},"condition":{"urlFilter":"||reklamy.s3.amazonaws.com^","domainType":"thirdParty","isUrlFilterCaseSensitive":false},"priority":2},{"id":175,"action":{"type":"block"},"condition":{"urlFilter":"||rival.cz^","domainType":"thirdParty","isUrlFilterCaseSensitive":false},"priority":2},{"id":176,"action":{"type":"block"},"condition":{"urlFilter":"||screechingstove.com^","domainType":"thirdParty","isUrlFilterCaseSensitive":false},"priority":2},{"id":177,"action":{"type":"block"},"condition":{"urlFilter":"||sda.online-systemy.cz^","domainType":"thirdParty","isUrlFilterCaseSensitive":false},"priority":2},{"id":178,"action":{"type":"block"},"condition":{"urlFilter":"||sda.un-42.com^","domainType":"thirdParty","isUrlFilterCaseSensitive":false},"priority":2},{"id":179,"action":{"type":"block"},"condition":{"urlFilter":"||storage.googleapis.com/adela-hb-platform.appspot.com/","domainType":"thirdParty","isUrlFilterCaseSensitive":false},"priority":2},{"id":180,"action":{"type":"block"},"condition":{"urlFilter":"||titulky.com^","domainType":"thirdParty","isUrlFilterCaseSensitive":false},"priority":2},{"id":181,"action":{"type":"block"},"condition":{"urlFilter":"||trackad.cz^","domainType":"thirdParty","isUrlFilterCaseSensitive":false},"priority":2},{"id":182,"action":{"type":"block"},"condition":{"urlFilter":"||viadata.store^","domainType":"thirdParty","isUrlFilterCaseSensitive":false},"priority":2},{"id":183,"action":{"type":"block"},"condition":{"urlFilter":"||xzone.cz^","domainType":"thirdParty","isUrlFilterCaseSensitive":false},"priority":2},{"id":184,"action":{"type":"block"},"condition":{"urlFilter":"||zombiezone.cz^","domainType":"thirdParty","isUrlFilterCaseSensitive":false},"priority":2},{"id":185,"action":{"type":"block"},"condition":{"urlFilter":"||zumail.cz^","domainType":"thirdParty","isUrlFilterCaseSensitive":false},"priority":2},{"id":186,"action":{"type":"block"},"condition":{"urlFilter":"||ban.tipsport.sk^","domainType":"thirdParty","isUrlFilterCaseSensitive":false},"priority":2},{"id":187,"action":{"type":"block"},"condition":{"urlFilter":"||firebasestorage.googleapis.com/v0/b/tivio-dev.appspot.com/*vast*.xml","domainType":"thirdParty","initiatorDomains":["garaz.tv"],"isUrlFilterCaseSensitive":false},"priority":202},{"id":188,"action":{"type":"block"},"condition":{"urlFilter":"||heureka.sk^","domainType":"thirdParty","isUrlFilterCaseSensitive":false},"priority":2},{"id":189,"action":{"type":"block"},"condition":{"urlFilter":"||imr.sk^","domainType":"thirdParty","isUrlFilterCaseSensitive":false},"priority":2},{"id":190,"action":{"type":"block"},"condition":{"urlFilter":"||inclick.sk^","domainType":"thirdParty","isUrlFilterCaseSensitive":false},"priority":2},{"id":191,"action":{"type":"block"},"condition":{"urlFilter":"||inres.uspech.sk^","domainType":"thirdParty","isUrlFilterCaseSensitive":false},"priority":2},{"id":192,"action":{"type":"block"},"condition":{"urlFilter":"||kariera.zoznam.sk/?page=banner","domainType":"thirdParty","isUrlFilterCaseSensitive":false},"priority":2},{"id":193,"action":{"type":"block"},"condition":{"urlFilter":"||login.dognet.sk/accounts/default1","domainType":"thirdParty","isUrlFilterCaseSensitive":false},"priority":2},{"id":194,"action":{"type":"block"},"condition":{"urlFilter":"||netsuccess.sk^","domainType":"thirdParty","isUrlFilterCaseSensitive":false},"priority":2},{"id":195,"action":{"type":"block"},"condition":{"urlFilter":"||partner.mrtns.eu^","domainType":"thirdParty","isUrlFilterCaseSensitive":false},"priority":2},{"id":196,"action":{"type":"block"},"condition":{"urlFilter":"||pohodo.sk^","domainType":"thirdParty","isUrlFilterCaseSensitive":false},"priority":2},{"id":197,"action":{"type":"block"},"condition":{"urlFilter":"||predpredaj.zoznam.sk^","domainType":"thirdParty","initiatorDomains":["cas.sk"],"isUrlFilterCaseSensitive":false},"priority":202},{"id":198,"action":{"type":"block"},"condition":{"urlFilter":"||productads.sk^","domainType":"thirdParty","isUrlFilterCaseSensitive":false},"priority":2},{"id":199,"action":{"type":"block"},"condition":{"urlFilter":"||recycle-static.zoznam.sk^","domainType":"thirdParty","isUrlFilterCaseSensitive":false},"priority":2},{"id":200,"action":{"type":"block"},"condition":{"urlFilter":"||robene.sk^","domainType":"thirdParty","isUrlFilterCaseSensitive":false},"priority":2},{"id":201,"action":{"type":"block"},"condition":{"urlFilter":"||storage.googleapis.com/tivio-production.appspot.com/ads/","domainType":"thirdParty","isUrlFilterCaseSensitive":false},"priority":2},{"id":202,"action":{"type":"block"},"condition":{"urlFilter":"||ticketportal.sk/carousels^","domainType":"thirdParty","isUrlFilterCaseSensitive":false},"priority":2},{"id":203,"action":{"type":"block"},"condition":{"urlFilter":"||turbo.web2media.sk","domainType":"thirdParty","isUrlFilterCaseSensitive":false},"priority":2},{"id":204,"action":{"type":"block"},"condition":{"urlFilter":"||zachej.sk^","domainType":"thirdParty","isUrlFilterCaseSensitive":false},"priority":2},{"id":205,"action":{"type":"allow"},"condition":{"urlFilter":"*-reklama.cz","isUrlFilterCaseSensitive":false},"priority":100001},{"id":207,"action":{"type":"allow"},"condition":{"urlFilter":"cdn.cpex.cz/cmp/v2/cpex-cmp.min.js","initiatorDomains":["hnonline.sk"],"isUrlFilterCaseSensitive":false},"priority":100201},{"id":208,"action":{"type":"allow"},"condition":{"urlFilter":"cdn.cxense.com/cx.cce.js","initiatorDomains":["hnonline.sk"],"isUrlFilterCaseSensitive":false},"priority":100201},{"id":209,"action":{"type":"allow"},"condition":{"urlFilter":"cdn.cxense.com/cx.js","initiatorDomains":["hnonline.sk"],"isUrlFilterCaseSensitive":false},"priority":100201},{"id":210,"action":{"type":"allow"},"condition":{"urlFilter":"api.cxense.com/public/widget/data","initiatorDomains":["hnonline.sk"],"isUrlFilterCaseSensitive":false},"priority":100201},{"id":211,"action":{"type":"allow"},"condition":{"urlFilter":"||decko.ceskatelevize.cz/cms/layouts/js/analytics.js","initiatorDomains":["decko.ceskatelevize.cz"],"resourceTypes":["script"],"isUrlFilterCaseSensitive":false},"priority":100301},{"id":212,"action":{"type":"allow"},"condition":{"urlFilter":"||heureka.*/crossdomain.xml","isUrlFilterCaseSensitive":false},"priority":100001},{"id":213,"action":{"type":"allow"},"condition":{"urlFilter":"||heureka.*/direct/vyvoj-cen/","isUrlFilterCaseSensitive":false},"priority":100001},{"id":214,"action":{"type":"allow"},"condition":{"urlFilter":"||heureka.*/ocm/sdk.js","isUrlFilterCaseSensitive":false},"priority":100001},{"id":215,"action":{"type":"allow"},"condition":{"urlFilter":"||iboys.cz/advert-list.php","isUrlFilterCaseSensitive":false},"priority":100001},{"id":216,"action":{"type":"allow"},"condition":{"urlFilter":"||netusers.cz/js/","initiatorDomains":["titulky.com"],"resourceTypes":["script"],"isUrlFilterCaseSensitive":false},"priority":100301},{"id":217,"action":{"type":"allow"},"condition":{"urlFilter":"||opti.cz/wp-content/uploads/*/reklama_*.jpg","resourceTypes":["image"],"isUrlFilterCaseSensitive":false},"priority":100101},{"id":218,"action":{"type":"allow"},"condition":{"urlFilter":"||optika-opti.cz/wp-content/uploads/*/reklama_*.jpg","resourceTypes":["image"],"isUrlFilterCaseSensitive":false},"priority":100101},{"id":222,"action":{"type":"allow"},"condition":{"urlFilter":"||static.cz.prg.cmestatic.com/static/cz/shared/js/advert.js","initiatorDomains":["nova.cz"],"isUrlFilterCaseSensitive":false},"priority":100201},{"id":223,"action":{"type":"allow"},"condition":{"urlFilter":"||www.top-reklama.sk^","domainType":"firstParty","isUrlFilterCaseSensitive":false},"priority":100002},{"id":224,"action":{"type":"allow"},"condition":{"urlFilter":"||api.youradio.cz/v2/ads/preroll","resourceTypes":["xmlhttprequest"],"isUrlFilterCaseSensitive":false},"priority":100101},{"id":226,"action":{"type":"allow"},"condition":{"urlFilter":"||titulky.com/ads/titulky-ad-sidebar.js","isUrlFilterCaseSensitive":false},"priority":100001},{"id":228,"action":{"type":"allow"},"condition":{"urlFilter":"||admedia.joj.sk/outstream/embed?iframe","initiatorDomains":["sport.aktuality.sk"],"resourceTypes":["sub_frame"],"isUrlFilterCaseSensitive":false},"priority":100301},{"id":229,"action":{"type":"allow"},"condition":{"urlFilter":"||ads.eduself.sk/_prebid.js","isUrlFilterCaseSensitive":false},"priority":100001},{"id":231,"action":{"type":"allow"},"condition":{"urlFilter":"||sledujserialy.to/theme/js/ads.js","isUrlFilterCaseSensitive":false},"priority":100001}]